t,x_follower,v_follower,a_follower,x_leader,v_leader,a_leader,leader_length,spacing,dv
236.70000000000002,77.97961958,29.56084649,-1.157859985,126.58198,24.83278568,-0.958422043,18.3,30.302360419999996,4.728060809999999
236.8,80.97168301,29.44506049,-1.165628642,129.0585707,24.74073497,-0.882592053,18.3,29.786887689999983,4.704325520000001
236.9,83.93934626,29.33134613,-1.370787205,131.5263355,24.65626727,-0.806762062,18.3,29.286989239999993,4.675078859999999
237.0,86.88323082,29.21970342,-1.493748635,133.9860327,24.57938256,-0.730932071,18.3,28.802801880000015,4.640320859999999
237.10000000000002,89.80395817,29.09459503,-1.666458811,136.4384205,24.51008085,-0.65510208,18.3,28.334462330000004,4.584514179999999
237.20000000000002,92.70214982,28.87545288,-1.788204448,138.8842574,24.44836214,-0.57927209,18.3,27.882107579999992,4.427090740000001
237.3,95.57842726,28.66459731,-1.931116434,141.3243015,24.39422643,-0.503442099,18.3,27.44587423999999,4.2703708800000015
237.4,98.43341197,28.46202829,-2.030869215,143.7593111,24.34767372,-0.427612108,18.3,27.025899129999996,4.11435457
237.5,101.2677255,28.25842346,-1.985552049,146.1900447,24.30870401,-0.351782117,18.3,26.62231919999999,3.94971945
237.60000000000002,104.0819892,28.06103356,-1.930739858,148.6172604,24.2773173,-0.275952127,18.3,26.235271199999996,3.7837162599999985
237.70000000000002,106.8768247,27.86985858,-1.88067518,151.0417167,24.25351359,-0.200122136,18.3,25.864891999999994,3.616344989999998
237.8,109.6528535,27.68489852,-1.818525925,153.4641717,24.23729287,-0.124292145,18.3,25.5113182,3.44760565
237.9,112.4106969,27.50615339,-1.756376669,155.8853837,24.22865516,-0.048462155,18.3,25.1746868,3.2774982300000026
238.0,115.1509767,27.33362319,-1.694227413,158.3061112,24.22760044,0.027367836,18.3,24.855134500000002,3.106022750000001
238.10000000000002,117.8743141,27.16730791,-1.632078158,160.7271123,24.23412872,0.103197827,18.3,24.55279819999998,2.9331791900000006
238.20000000000002,120.5813308,27.00720756,-1.569928902,163.1491454,24.24824001,0.179027818,18.3,24.267814600000005,2.7589675500000013
238.3,123.2726482,26.85332213,-1.507779646,165.5729688,24.26993429,0.254857808,18.3,24.000320600000006,2.5833878400000003
238.4,125.9488878,26.70565163,-1.445630391,167.9993408,24.29921157,0.330687799,18.3,23.750453000000004,2.4064400599999978
238.5,128.610671,26.56419605,-1.383481135,170.4290196,24.33607185,0.40651779,18.3,23.518348600000007,2.2281242
238.60000000000002,131.2586195,26.4289554,-1.321331879,172.8627637,24.38051513,0.482347781,18.3,23.30414419999998,2.0484402700000004
238.70000000000002,133.8933546,26.29992967,-1.259182624,175.3013312,24.4325414,0.558177771,18.3,23.107976599999983,1.8673882699999993
238.8,136.515498,26.17711887,-1.197033368,177.7454804,24.49215068,0.634007762,18.3,22.929982399999982,1.6849681899999993
238.9,139.125671,26.060523,-1.134884112,180.1959698,24.55934296,0.709837753,18.3,22.77029879999999,1.5011800400000013
239.0,141.7244951,25.95014205,-1.072734857,182.6535575,24.63411823,0.784931078,18.3,22.62906239999999,1.3160238200000016
239.10000000000002,144.3125919,25.84597603,-1.010585601,185.119002,24.71647651,0.855604407,18.3,22.506410099999993,1.1294995199999995
239.20000000000002,146.8905829,25.74802493,-0.948436345,187.5930613,24.80641778,0.915912921,18.3,22.40247839999999,0.9416071499999994
239.3,149.4590894,25.65628876,-0.88628709,190.076494,24.90350005,0.966011094,18.3,22.317404599999985,0.7527887099999973
239.4,152.0187331,25.57076751,-0.824137834,192.5700583,25.00551332,0.99690446,18.3,22.251325200000007,0.565254190000001
239.5,154.5701355,25.49146119,-0.761988579,195.0745124,25.10889071,1.005697847,18.3,22.20437690000001,0.38257047999999827
239.60000000000002,157.1139179,25.4183698,-0.699839323,197.5906147,25.21372489,0.988707925,18.3,22.176696800000013,0.20464490999999896
239.70000000000002,159.650702,25.35149333,-0.637690067,200.1187698,25.31461918,0.945198028,18.3,22.1680678,0.03687414999999916
239.8,162.1811091,25.29083178,-0.575540812,202.6579682,25.40983649,0.877429645,18.3,22.176859100000012,-0.11900470999999868
239.9,164.7057609,25.23638517,-0.513391556,205.2068464,25.49672481,0.784511637,18.3,22.201085499999987,-0.26033964000000154
240.0,167.2252787,25.18815347,-0.4512423,207.7640413,25.57263214,0.675438468,18.3,22.238762600000012,-0.38447867
240.10000000000002,169.7402841,25.14613671,-0.389093045,210.3281894,25.6353485,0.553105312,18.3,22.287905300000016,-0.4892117899999988
240.20000000000002,172.2513986,25.11033486,-0.327132764,212.8979274,25.68443187,0.421932164,18.3,22.346528799999998,-0.5740970100000027
240.3,174.7592436,25.08074795,-0.26630633,215.4718922,25.71988226,0.286339021,18.3,22.412648600000022,-0.6391343099999993
240.4,177.2644407,25.05737596,-0.20774759,218.0487204,25.74169967,0.150009211,18.3,22.484279700000013,-0.6843237099999975
240.5,179.7676113,25.04010551,-0.152590391,220.6270486,25.7498841,0.013679402,18.3,22.559437299999995,-0.7097785899999991
240.60000000000002,182.269377,25.02836968,-0.101968581,223.2055137,25.74443555,-0.122650408,18.3,22.63613670000002,-0.7160658699999978
240.70000000000002,184.7703592,25.02148815,-0.057016007,225.7827522,25.72535402,-0.258980218,18.3,22.712393000000002,-0.7038658700000013
240.8,187.2711795,25.01878063,-0.018677541,228.357401,25.69263951,-0.395310027,18.3,22.78622150000002,-0.6738588800000009
240.9,189.7723685,25.0195668,0.012857843,230.9280966,25.64629202,-0.531639837,18.3,22.855728100000004,-0.6267252200000009
241.0,192.2740943,25.02316635,0.037779119,233.4934759,25.58631154,-0.666988538,18.3,22.91938159999999,-0.5631451900000002
241.10000000000002,194.7764341,25.02889898,0.057031158,236.0521754,25.51269809,-0.79645059,18.3,22.97574130000002,-0.48379910999999964
241.20000000000002,197.2794652,25.03608438,0.07174781,238.602832,25.42545165,-0.914139342,18.3,23.0233668,-0.38936727000000104
241.3,199.7832648,25.04415562,0.08306292,241.1440823,25.3251609,-1.014168145,18.3,23.060817499999995,-0.2810052799999987
241.4,202.2879101,25.05299932,0.092110336,243.6745629,25.21476916,-1.090650348,18.3,23.086652800000007,-0.16176983999999806
241.5,204.7934784,25.06261549,0.100023905,246.1929107,25.09780841,-1.137699303,18.3,23.0994323,-0.03519292000000007
241.60000000000002,207.300047,25.07300411,0.107748499,248.6977623,24.97781066,-1.150409467,18.3,23.097715299999987,0.09519345000000001
241.70000000000002,209.807693,25.08416519,0.115473093,251.1882254,24.85830788,-1.127799733,18.3,23.080532399999992,0.22585730999999853
241.8,212.3164938,25.09609872,0.123197687,253.6652912,24.74283207,-1.070851209,18.3,23.048797400000023,0.3532666500000019
241.9,214.8265265,25.10880472,0.130922282,256.1304222,24.63491522,-0.984469435,18.3,23.003895699999998,0.4738894999999985
242.0,217.3378685,25.12228318,0.138646876,258.5850805,24.53808932,-0.874541063,18.3,22.94721199999999,0.5841938599999992
242.10000000000002,219.8505969,25.1365341,0.14637147,261.0307286,24.45529769,-0.746952741,18.3,22.880131699999975,0.6812364100000003
242.20000000000002,222.3647891,25.15155747,0.152976789,263.4688286,24.387129,-0.607591119,18.3,22.8040395,0.7644284699999986
242.3,224.8805222,25.16735331,0.159245794,265.9008429,24.33358324,-0.462342848,18.3,22.720320699999984,0.8337700699999999
242.4,227.3978735,25.18392161,0.165293321,268.3282338,24.29466043,-0.316113469,18.3,22.630360300000017,0.8892611799999983
242.5,229.9169203,25.2005908,0.162919578,270.7524635,24.27036055,-0.169884089,18.3,22.53554319999999,0.930230250000001
242.60000000000002,232.4377397,25.21783066,0.150978989,273.1749944,24.26068361,-0.02365471,18.3,22.437254699999993,0.9571470499999997
242.70000000000002,234.9604092,25.23571009,0.126282604,275.5972888,24.26562961,0.122574669,18.3,22.336879600000014,0.97008048
242.8,237.4850058,25.24930922,0.086760752,278.0208089,24.28519854,0.268804049,18.3,22.23580310000001,0.964110680000001
242.9,240.0116068,25.2579407,0.028441521,280.447017,24.31939042,0.415033428,18.3,22.135410200000006,0.9385502799999976
243.0,242.5400344,25.25969117,-0.051978874,282.8773755,24.36820523,0.561262808,18.3,22.03734110000003,0.891485939999999
243.10000000000002,245.0690903,25.25264725,-0.148958096,285.3133466,24.43164298,0.706799972,18.3,21.94425629999999,0.8210042699999995
243.20000000000002,247.5973209,25.23489557,-0.261882062,287.7563926,24.50970367,0.848183843,18.3,21.859071700000026,0.7251918999999987
243.3,250.1232728,25.20452277,-0.387561822,290.2079758,24.60238729,0.981261128,18.3,21.78470299999999,0.6021354800000012
243.4,252.6454927,25.15993436,-0.522808429,292.6695586,24.70927852,1.101878535,18.3,21.72406590000001,0.4506558399999996
243.5,255.162527,25.10081147,-0.664432933,295.1426031,24.82830072,1.209329901,18.3,21.68007609999996,0.2725107499999986
243.60000000000002,257.6729222,25.02715408,-0.809246386,297.6285718,24.9569619,1.28912054,18.3,21.655649599999958,0.07019217999999938
243.70000000000002,260.175225,24.93896219,-0.95459133,300.1289268,25.0927701,1.348130768,18.3,21.653701799999975,-0.1538079099999976
243.8,262.6679819,24.83623581,-1.099936275,302.6447983,25.23530161,1.382221239,18.3,21.676816400000018,-0.3990657999999989
243.9,265.1497394,24.71897493,-1.245281219,305.1759872,25.37585961,1.392084168,18.3,21.72624780000002,-0.6568846799999974
244.0,267.6190441,24.58717957,-1.390626163,307.7219621,25.51815699,1.381180633,18.3,21.802917999999988,-0.9309774200000014
244.10000000000002,270.0744426,24.4408497,-1.535971108,310.2821919,25.65763346,1.350216793,18.3,21.90774929999999,-1.2167837599999984
244.20000000000002,272.5144813,24.27998534,-1.681316052,312.8561453,25.79221241,1.313687339,18.3,22.04166399999998,-1.5122270700000016
244.3,274.9377069,24.10458649,-1.825097281,315.4432908,25.92147848,1.265404168,18.3,22.205583899999976,-1.816891990000002
244.4,277.3426659,23.91465314,-1.959496218,318.0430974,26.04543168,1.212967703,18.3,22.400431500000035,-2.1307785400000014
244.5,279.7279048,23.7101853,-2.067788463,320.6550336,26.16407202,1.159839023,18.3,22.627128800000047,-2.45388672
244.60000000000002,282.0919702,23.4921212,-2.162618046,323.2785682,26.27739949,1.106710343,18.3,22.886598000000003,-2.785278290000001
244.70000000000002,284.4334086,23.26515197,-2.212576354,325.9131699,26.38541409,1.053581663,18.3,23.179761300000006,-3.1202621199999996
244.8,286.7507667,23.03931227,-2.215623201,328.5583075,26.48811582,1.000452982,18.3,23.507540800000026,-3.448803550000001
244.9,289.0425908,22.80701566,-2.16394001,331.2134495,26.58550468,0.947324302,18.3,23.870858699999996,-3.7784890199999985
245.0,291.3081783,22.58710733,-2.055963067,333.8780648,26.67758068,0.894195622,18.3,24.269886499999995,-4.09047335
245.10000000000002,293.5498285,22.38081138,-1.900598193,336.5516221,26.76434381,0.841142467,18.3,24.701793599999984,-4.383532429999999
245.20000000000002,295.7705915,22.19375719,-1.683637644,339.23359,26.84579407,0.788542463,18.3,25.16299849999997,-4.652036880000001
245.3,297.9735173,22.03157413,-1.436490033,341.9234374,26.92193146,0.736848759,18.3,25.649920099999985,-4.8903573300000005
245.4,300.161656,21.89895335,-1.161195547,344.6206328,26.9928013,0.686514507,18.3,26.158976800000016,-5.093847950000001
245.5,302.3380577,21.79683308,-0.867136475,347.324645,27.05863016,0.637992858,18.3,26.686587299999996,-5.261797080000001
245.60000000000002,304.5057724,21.72521331,-0.563695112,350.0349427,27.11968993,0.591736961,18.3,27.229170299999975,-5.394476619999999
245.70000000000002,306.6678501,21.68409406,-0.258690034,352.7509947,27.17625251,0.548124442,18.3,27.783144599999968,-5.492158450000002
245.8,308.827341,21.67347531,0.046315045,355.4723059,27.22858978,0.507230826,18.3,28.34496489999999,-5.5551144699999995
245.9,310.9872949,21.69335706,0.351320124,358.1985262,27.27697364,0.468980588,18.3,28.911231300000008,-5.583616580000001
246.0,313.1507621,21.74373933,0.656325202,360.929342,27.32167596,0.432996103,18.3,29.47857990000001,-5.57793663
246.10000000000002,315.3207926,21.8246221,0.961330281,363.6644394,27.36296866,0.39882422,18.3,30.043646799999987,-5.538346560000001
246.20000000000002,317.5004363,21.93600539,1.266335359,366.4035046,27.40107829,0.366011789,18.3,30.60306830000003,-5.465072900000003
246.3,319.6927434,22.07788918,1.571340438,369.1462239,27.43605017,0.334105659,18.3,31.15348050000001,-5.358160990000002
246.4,321.9007639,22.25027347,1.874631769,371.8922835,27.46788431,0.302652679,18.3,31.691519600000003,-5.217610839999999
246.5,324.1275478,22.45315828,2.167640615,374.6413696,27.49658071,0.271275224,18.3,32.21382180000002,-5.04342243
246.60000000000002,326.3761453,22.68654359,2.440084491,377.3931685,27.52213936,0.23989777,18.3,32.717023199999986,-4.835595770000001
246.70000000000002,328.6496063,22.94940117,2.681680911,380.1473664,27.54456026,0.208520315,18.3,33.197760099999996,-4.595159089999999
246.8,330.9509809,23.23658976,2.882147391,382.9036494,27.56384342,0.17714286,18.3,33.65266850000002,-4.32725366
246.9,333.2833192,23.54193987,3.031201446,385.6617039,27.57998884,0.145765406,18.3,34.07838470000003,-4.038048969999998
247.0,335.6496712,23.85928202,3.120274337,388.4212161,27.5929965,0.114387951,18.3,34.471544899999984,-3.7337144800000033
247.10000000000002,338.0522643,24.18244671,3.147652318,391.1818721,27.60286643,0.083099229,18.3,34.82960780000003,-3.420419719999998
247.20000000000002,340.4900357,24.50526446,3.115049135,393.9433582,27.6095986,0.052342907,18.3,35.15332249999996,-3.1043341400000024
247.3,342.9610997,24.82156577,3.031033527,396.7053607,27.61319303,0.022651382,18.3,35.444261000000054,-2.791627260000002
247.4,345.4635709,25.12518115,2.905887979,399.4675657,27.61370296,-0.005442946,18.3,35.703994800000046,-2.4885218100000017
247.5,347.9955637,25.41096935,2.749894975,402.2296595,27.61139458,-0.031407679,18.3,35.93409580000004,-2.2004252300000005
247.60000000000002,350.5551925,25.67790214,2.573337001,404.9913283,27.60658733,-0.054710418,18.3,36.13613580000005,-1.9286851899999995
247.70000000000002,353.1405718,25.9259795,2.386496542,407.7522584,27.59960066,-0.074907496,18.3,36.311686600000044,-1.6736211599999997
247.8,355.7498161,26.15520145,2.197942336,410.5121784,27.590754,-0.091910181,18.3,36.46236230000001,-1.4355525500000006
247.9,358.3810398,26.36556797,2.009388129,413.2709878,27.58036678,-0.105807206,18.3,36.58994800000001,-1.2147988099999978
248.0,361.0323574,26.55707907,1.820833923,416.0286281,27.56875846,-0.117042237,18.3,36.69627069999997,-1.0116793900000012
248.10000000000002,363.7018833,26.72973475,1.632279716,418.7850412,27.55624847,-0.126147672,18.3,36.783157900000006,-0.8265137200000012
248.20000000000002,366.3877321,26.88353501,1.44372551,421.5401689,27.54310301,-0.133655911,18.3,36.852436800000035,-0.6595680000000002
248.3,369.088018,27.01847986,1.255171303,424.2939529,27.52937532,-0.140099352,18.3,36.90593490000005,-0.5108954600000004
248.4,371.8008557,27.13456928,1.066617097,427.0463351,27.51506539,-0.146010394,18.3,36.945479400000025,-0.3804961099999993
248.5,374.5243596,27.23180327,0.878821073,429.7972571,27.50017324,-0.151832703,18.3,36.9728975,-0.2683699699999984
248.60000000000002,377.2566441,27.31018185,0.695574142,432.5466608,27.48469885,-0.157655012,18.3,36.99001669999997,-0.1745170000000016
248.70000000000002,379.9958237,27.36970501,0.521425398,435.294488,27.46864223,-0.163477321,18.3,36.99866429999999,-0.09893721999999983
248.8,382.7400128,27.41082766,0.360923934,438.0406804,27.45200339,-0.16929963,18.3,37.0006676,-0.04117573000000263
248.9,385.4873259,27.43582434,0.218618844,440.7851798,27.43478231,-0.175121939,18.3,36.99785390000001,0.0010420300000006932
249.0,388.2358775,27.44742451,0.095190586,443.527928,27.416979,-0.180944248,18.3,36.99205049999996,0.030445509999999842
249.10000000000002,390.983782,27.44835764,0.006035976,446.2688667,27.39859346,-0.186766557,18.3,36.98508469999997,0.04976418000000038
249.20000000000002,393.7295179,27.44135316,-0.059692709,449.0079378,27.37962569,-0.190656751,18.3,36.97841989999996,0.06172746999999745
249.3,396.4730191,27.42681936,-0.098885015,451.745083,27.36007569,-0.19550002,18.3,36.97206390000004,0.06674367000000103
249.4,399.2145837,27.41444924,-0.115331854,454.480244,27.33994345,-0.195538969,18.3,36.96566030000004,0.0745057899999999
249.5,401.9545098,27.40000872,-0.113582319,457.2133628,27.32039345,-0.189446573,18.3,36.95885300000005,0.0796152699999979
249.60000000000002,404.6930953,27.38809351,-0.09431687,459.944381,27.29947799,-0.17562572,18.3,36.95128570000004,0.08861552000000117
249.70000000000002,407.4306384,27.37915852,-0.073690503,462.6732404,27.28127008,-0.152144296,18.3,36.94260199999998,0.09788844000000196
249.8,410.1674369,27.37320377,-0.044646408,465.3998828,27.26595774,-0.119010956,18.3,36.93244590000002,0.10724602999999888
249.9,412.903789,27.37022924,-0.01484413,468.1244045,27.25470025,-0.071047429,18.3,36.92061550000001,0.11552899000000139
250.0,415.6399927,27.37023494,0.014958147,470.8475202,27.24865688,-0.013431986,18.3,36.90752750000003,0.12157806000000093
250.10000000000002,418.3763459,27.37322087,0.044760424,473.570099,27.24898688,0.053844029,18.3,36.89375310000004,0.12423399000000046
250.20000000000002,421.1131467,27.37918703,0.074562701,476.2930102,27.25684953,0.128848501,18.3,36.87986350000001,0.12233750000000043
250.3,423.8506932,27.38813341,0.104364979,479.017123,27.27321089,0.209649315,18.3,36.866429800000006,0.11492251999999681
250.4,426.5892833,27.40006002,0.134167256,481.7433065,27.29826416,0.294314358,18.3,36.85402320000004,0.10179586000000285
250.5,429.3292151,27.41496686,0.163926769,484.4724299,27.33200935,0.380911515,18.3,36.84321480000001,0.08295750999999996
250.60000000000002,432.0707866,27.43285393,0.193429695,487.2053624,27.37444646,0.467830692,18.3,36.834575799999996,0.058407469999998796
250.70000000000002,434.8142957,27.45372122,0.222419449,489.9429732,27.42557549,0.554749868,18.3,36.82867749999998,0.028145729999998537
250.8,437.5600407,27.47754309,0.250639443,492.6861315,27.48539644,0.641669045,18.3,36.82609079999999,-0.00785334999999776
250.9,440.3083194,27.50419123,0.277833091,495.4357065,27.5539093,0.728588221,18.3,36.82738709999997,-0.049718070000000836
251.0,443.0594299,27.53351169,0.303743807,498.1925674,27.63111408,0.815507397,18.3,36.83313749999998,-0.0976023899999987
251.10000000000002,445.8136702,27.56535053,0.328157769,500.9575834,27.71701078,0.902426574,18.3,36.84391319999999,-0.15166024999999905
251.20000000000002,448.5713178,27.59955378,0.351032212,503.7316236,27.8115994,0.988450578,18.3,36.860305800000006,-0.21204561999999783
251.3,451.3325681,27.63596751,0.3724099,506.5155573,27.91487993,1.069103549,18.3,36.88298920000001,-0.27891242000000105
251.4,454.0975959,27.67443775,0.392504656,509.3102536,28.02685238,1.136734649,18.3,36.912657700000025,-0.35241463000000195
251.5,456.8665762,27.71481056,0.411573067,512.1165818,28.14697965,1.192812261,18.3,36.950005599999955,-0.4321690899999986
251.60000000000002,459.6396837,27.75695763,0.429871718,514.935411,28.27257621,1.225125936,18.3,36.99572730000007,-0.5156185800000017
251.70000000000002,462.4170934,27.80085332,0.447657196,517.7676105,28.39905157,1.230584447,18.3,37.05051710000005,-0.5981982499999994
251.8,465.1989801,27.84649762,0.465186088,520.6140493,28.52728675,1.204711932,18.3,37.11506920000001,-0.6807891299999973
251.9,467.9855186,27.89389054,0.482672215,523.4751671,28.64995549,1.14661322,18.3,37.18964850000005,-0.756064949999999
252.0,470.7768839,27.94303207,0.500158342,526.3496846,28.76520305,1.059463288,18.3,37.272800700000076,-0.8221709799999992
252.10000000000002,473.5732507,27.99392221,0.51764447,529.2358929,28.86980681,0.94089858,18.3,37.36264219999994,-0.8758845999999991
252.20000000000002,476.374794,28.04656096,0.535130597,532.132083,28.96054414,0.803129546,18.3,37.45728899999996,-0.9139831799999989
252.3,479.1816886,28.10094833,0.552616724,535.0365462,29.03472954,0.649247413,18.3,37.554857600000005,-0.9337812099999994
252.4,481.9941094,28.15708431,0.570102851,537.9475735,29.0918259,0.484623215,18.3,37.653464099999965,-0.9347415900000016
252.5,484.8122312,28.2149689,0.587588979,540.8634559,29.13183322,0.314627983,18.3,37.75122469999998,-0.916864320000002
252.60000000000002,487.6362288,28.2746021,0.60488467,543.7824846,29.1547515,0.143737579,18.3,37.84625579999995,-0.8801494000000005
252.70000000000002,490.4662773,28.33598392,0.621037744,546.7029507,29.16058074,-0.027152824,18.3,37.936673399999975,-0.82459682
252.8,493.3025513,28.39911435,0.633892199,549.6231453,29.14932093,-0.198043228,18.3,38.02059400000003,-0.7502065799999968
252.9,496.1452258,28.46387913,0.645345576,552.5413594,29.12097209,-0.368933631,18.3,38.096133600000044,-0.65709296
253.0,498.9944757,28.52970695,0.6512151,555.4558842,29.07553421,-0.539824035,18.3,38.16140850000001,-0.5458272599999994
253.10000000000002,501.8504757,28.59530422,0.65137154,558.3650108,29.01300728,-0.710714439,18.3,38.21453510000005,-0.4177030600000009
253.20000000000002,504.7134008,28.66180945,0.644862715,561.2670302,28.93339132,-0.879365201,18.3,38.25362940000004,-0.27158186999999856
253.3,507.5833345,28.72671298,0.631498191,564.1602336,28.83668632,-1.034578119,18.3,38.276899099999994,-0.10997333999999981
253.4,510.4599944,28.78993727,0.612481788,567.042912,28.72289227,-1.152181315,18.3,38.282917599999976,0.06704500000000024
253.5,513.3430071,28.85079676,0.585725529,569.9133566,28.59335297,-1.250939041,18.3,38.27034950000002,0.25744378999999995
253.60000000000002,516.2319989,28.90860587,0.555412189,572.7698584,28.45478734,-1.285211356,18.3,38.23785949999997,0.4538185299999995
253.70000000000002,519.1265962,28.96279329,0.521670999,575.6107085,28.32169849,-1.252294446,18.3,38.184112299999995,0.6410948000000012
253.8,522.0264255,29.01324476,0.485644575,578.4341981,28.18282789,-1.140990108,18.3,38.10777260000005,0.8304168700000005
253.9,524.9311131,29.05996029,0.448475535,581.2396932,28.0655595,-0.949058701,18.3,38.00858010000009,0.9944007900000003
254.0,527.8402855,29.10293987,0.411116059,584.0308601,27.9715156,-0.689473899,18.3,37.890574599999994,1.1314242700000001
254.10000000000002,530.7535691,29.1421835,0.373756582,586.81244,27.90875891,-0.341231806,18.3,37.75887089999999,1.233424590000002
254.20000000000002,533.6705902,29.17769119,0.336397106,589.5891743,27.88535212,0.050027633,18.3,37.61858409999998,1.2923390700000006
254.3,536.5909753,29.20946292,0.299037629,592.3658042,27.90801416,0.481600606,18.3,37.47482889999999,1.3014487599999995
254.4,539.5143508,29.23749871,0.261678153,595.1470708,27.97808881,0.940049269,18.3,37.332720000000066,1.2594099000000014
254.5,542.440343,29.26179856,0.224318677,597.9377156,28.09557608,1.411935777,18.3,37.197372600000065,1.1662224799999983
254.60000000000002,545.3685785,29.28236245,0.186973487,600.7424798,28.26047597,1.886061926,18.3,37.073901299999946,1.0218864799999992
254.70000000000002,548.2986835,29.2991904,0.149714021,603.5661045,28.47278847,2.360188075,18.3,36.967421000000016,0.8264019299999994
254.8,551.2302845,29.31228239,0.112625999,606.4133311,28.73251358,2.834314223,18.3,36.883046600000014,0.5797688100000009
254.9,554.1630079,29.32164702,0.075795146,609.2889009,29.03965131,3.308440372,18.3,36.82589300000002,0.28199571000000034
255.0,557.0964802,29.32732713,0.039307183,612.1975551,29.39420166,3.782566521,18.3,36.801074900000074,-0.06687452999999977
255.10000000000002,560.0303276,29.32937415,0.003247833,615.1440349,29.79616462,4.25669267,18.3,36.81370729999999,-0.4667904699999994
255.20000000000002,562.9641767,29.32783954,-0.032311468,618.1330817,30.24554019,4.730818818,18.3,36.868905,-0.9177006500000005
255.3,565.8976606,29.3227747,-0.067356433,621.1694367,30.74232838,5.200471031,18.3,36.971776100000014,-1.41955368
255.4,568.8304402,29.31423109,-0.10190135,624.2578411,31.28652918,5.643279628,18.3,37.127400899999955,-1.972298089999999
255.5,571.7621828,29.30226014,-0.136017653,627.4030362,31.8781426,6.032400995,18.3,37.34085339999997,-2.575882459999999
255.60000000000002,574.6925561,29.28691327,-0.169791066,630.6097633,32.51448427,6.340991514,18.3,37.61720720000001,-3.2275709999999975
255.70000000000002,577.6212277,29.26823334,-0.203307311,633.8827636,33.18213239,6.542207571,18.3,37.961535900000015,-3.9138990500000013
255.8,580.547865,29.24622894,-0.236652111,637.2267784,33.86498079,6.609205551,18.3,38.378913399999945,-4.618751849999995
255.9,583.4721357,29.22090007,-0.269911188,640.646549,34.54692329,6.519615773,18.3,38.874413300000086,-5.326023220000003
256.0,586.3937073,29.19224671,-0.303155978,644.1446691,35.21185373,6.268964302,18.3,39.45096180000003,-6.019607020000002
256.1,589.3122473,29.16026887,-0.336400768,647.7151426,35.84366593,5.861725073,18.3,40.10289530000007,-6.683397060000001
256.2,592.2274233,29.12496655,-0.369645558,651.3498257,36.42625374,5.320267767,18.3,40.822402399999945,-7.30128719
256.3,595.1389029,29.08633976,-0.402890348,655.0405748,36.94351097,4.671435998,18.3,41.6016719,-7.857171209999997
256.40000000000003,598.0463535,29.04438848,-0.436135138,658.7792463,37.38201583,3.942073383,18.3,42.43289279999995,-8.337627350000002
256.5,600.9494428,28.99911273,-0.469379928,662.5576964,37.73908395,3.159023537,18.3,43.308253600000015,-8.739971220000001
256.6,603.8478383,28.9505125,-0.502624718,666.3677814,38.01471533,2.349130075,18.3,44.21994309999998,-9.064202830000003
256.7,606.7412075,28.89858779,-0.530827263,670.2013578,38.20890996,1.534762677,18.3,45.16015030000001,-9.31032217
256.8,609.6292181,28.8433386,-0.556448482,674.0502818,38.32166786,0.720395279,18.3,46.12106369999999,-9.478329259999999
256.90000000000003,612.5115375,28.78476493,-0.576137822,677.9064097,38.35298902,-0.093972118,18.3,47.09487220000001,-9.568224090000001
257.0,615.3878333,28.72589213,-0.573449765,681.761598,38.30287344,-0.908339516,18.3,48.07376470000004,-9.57698131
257.1,618.2577731,28.66524364,-0.547453917,685.6077028,38.17132112,-1.722706914,18.3,49.049929699999964,-9.506077480000002
257.2,621.1210244,28.60482981,-0.492323328,689.4365806,37.95833205,-2.537074312,18.3,50.01555619999995,-9.353502240000005
257.3,623.9772547,28.55451793,-0.407273296,693.2400876,37.66390625,-3.347511287,18.3,50.96283290000004,-9.109388319999997
257.40000000000003,626.8265979,28.51486625,-0.284015953,697.0100802,37.28804371,-4.134365726,18.3,51.883482299999926,-8.773177459999996
257.5,629.6710521,28.48937093,-0.121046064,700.7384147,36.83074443,-4.874055092,18.3,52.76736260000003,-8.341373500000003
257.6,632.5130819,28.48152815,0.066162014,704.4169474,36.29436666,-5.542996848,18.3,53.603865500000055,-7.812838510000002
257.7,635.3551518,28.49483407,0.276677884,708.0375347,35.69070168,-6.133326103,18.3,54.382382899999996,-7.195867609999997
257.8,638.1997263,28.53220217,0.504674598,711.5920329,35.033899,-6.57430739,18.3,55.0923066000001,-6.501696829999997
257.90000000000003,641.0492698,28.59421514,0.744325209,715.0722983,34.33810814,-6.893441524,18.3,55.72302850000001,-5.7438930000000035
258.0,643.9062469,28.68087298,0.989802767,718.4720739,33.60804805,-7.07108044,18.3,56.265827000000016,-4.9271750700000005
258.1,646.773122,28.79217569,1.236251483,721.7926489,32.88616,-7.111154561,18.3,56.719526900000076,-4.093984309999996
258.2,649.6523596,28.92812327,1.4827002,725.0371994,32.15830175,-7.033316,18.3,57.08483980000001,-3.2301784799999993
258.3,652.5464242,29.08871573,1.729148916,728.2089012,31.44805342,-6.845429651,18.3,57.36247699999997,-2.3593376900000003
258.40000000000003,655.4577803,29.27395306,1.975597633,731.3109303,30.76720626,-6.618230978,18.3,57.55315000000003,-1.493253199999998
258.5,658.3888924,29.48383526,2.222046349,734.3464627,30.11811854,-6.32814959,18.3,57.65757029999993,-0.6342832800000018
258.6,661.3422249,29.71836233,2.468495065,737.3186743,29.50079026,-6.014485666,18.3,57.67644939999998,0.21757207000000278
258.7,664.3202424,29.97753427,2.71206493,740.2307411,28.91522141,-5.696891318,18.3,57.610498700000065,1.0623128599999987
258.8,667.3254093,30.26135108,2.938361685,743.0858389,28.361412,-5.379296971,18.3,57.460429599999955,1.8999390799999993
258.90000000000003,670.3601902,30.56981277,3.119933939,745.8871438,27.83936202,-5.061702624,18.3,57.22695359999996,2.7304507499999993
259.0,673.4270495,30.90119201,3.270043425,748.6378316,27.34907147,-4.744108277,18.3,56.91078210000008,3.5521205400000007
259.1,676.5284516,31.24685227,3.34088219,751.3410783,26.89054036,-4.426513929,18.3,56.51262670000001,4.356311910000002
259.2,679.6668612,31.59032269,3.325355406,754.0000599,26.46376869,-4.108919582,18.3,56.03319870000003,5.126554000000002
259.3,682.8447426,31.93956032,3.209068813,756.6179524,26.06875644,-3.791325235,18.3,55.47320980000002,5.870803879999997
259.40000000000003,686.0631785,32.2658804,2.989143561,759.1979315,25.70550364,-3.475634071,18.3,54.834752999999935,6.5603767600000005
259.5,689.3177242,32.56502601,2.678636781,761.7431734,25.37401027,-3.171362002,18.3,54.125449200000006,7.191015739999997
259.6,692.6025531,32.8266333,2.261407891,764.2568538,25.07427633,-2.889928127,18.3,53.354300700000024,7.7523569699999975
259.7,695.9118385,33.0403384,1.785264841,766.7421489,24.80515992,-2.642751541,18.3,52.53031039999992,8.235178480000002
259.8,699.2397538,33.19750476,1.257302461,769.2022345,24.56095148,-2.441251341,18.3,51.66248070000002,8.636553280000001
259.90000000000003,702.5804724,33.29640506,0.694793862,771.6402865,24.33479957,-2.296846624,18.3,50.75981410000004,8.961605489999997
260.0,705.9281678,33.3370393,0.115012153,774.059481,24.11985271,-2.219053302,18.3,49.831313200000025,9.21718659
260.1,709.2770133,33.31940749,-0.467648409,776.4620803,23.90925946,-2.209774558,18.3,48.88506700000001,9.410148030000002
260.2,712.6211823,33.24350962,-1.05030897,778.8466927,23.69616836,-2.267107211,18.3,47.925510399999965,9.547341259999996
260.3,715.9548483,33.10934569,-1.632969531,781.211013,23.47372794,-2.381535346,18.3,46.9561647,9.635617749999998
260.40000000000003,719.2721845,32.91691571,-2.215630092,783.552736,23.23508675,-2.541639867,18.3,45.980551500000004,9.681828959999997
260.5,722.5673644,32.66621968,-2.798290653,785.8695565,22.97453524,-2.736001677,18.3,45.00219210000007,9.691684439999996
260.6,725.8345615,32.35725758,-3.380951214,788.1591692,22.69093151,-2.95320168,18.3,44.024607700000004,9.666326070000004
260.7,729.067949,31.99002943,-3.963611775,790.4192689,22.38427554,-3.181820779,18.3,43.051319900000024,9.605753889999999
260.8,732.2617004,31.56453523,-4.54348912,792.6475504,22.05456735,-3.412343061,18.3,42.08585000000001,9.509967880000001
260.90000000000003,735.4099891,31.08077497,-5.106667171,794.8417085,21.70180693,-3.642865343,18.3,41.13171940000002,9.37896804
261.0,738.5069884,30.53874865,-5.636446633,796.9994379,21.32599428,-3.873387625,18.3,40.19244950000002,9.212754369999999
261.1,741.5468718,29.9401262,-6.116128211,799.1184335,20.92712941,-4.103909907,18.3,39.27156170000008,9.012996790000003
261.2,744.5238127,29.29325728,-6.541640039,801.1963899,20.5052123,-4.334432189,18.3,38.37257719999998,8.788044979999999
261.3,747.4319844,28.60816145,-6.858400539,803.231002,20.06024297,-4.564954472,18.3,37.49901759999996,8.54791848
261.40000000000003,750.2655604,27.8948583,-7.090375915,805.2199646,19.59222141,-4.793869419,18.3,36.6544042,8.302636889999999
261.5,753.02005,27.15579094,-7.222155525,807.1609724,19.10114762,-5.013140356,18.3,35.840922400000025,8.05464332
261.6,755.6963062,26.42370833,-7.256522583,809.0517202,18.5870216,-5.213123275,18.3,35.055414,7.83668673
261.7,758.2965182,25.68590066,-7.207393168,810.8899029,18.05080775,-5.384174165,18.3,34.293384700000004,7.635092910000001
261.8,760.822875,24.95996397,-7.078839148,812.673215,17.49732809,-5.516649018,18.3,33.55034000000008,7.4626358800000006
261.90000000000003,763.2775657,24.2542479,-6.925442099,814.3993515,16.932369,-5.600903823,18.3,32.8217858,7.321878899999998
262.0,765.6627794,23.5704224,-6.726019034,816.0660072,16.36171691,-5.628901906,18.3,32.10322779999997,7.208705490000003
262.1,767.9807049,22.90848745,-6.509896674,817.6716482,15.79115821,-5.599035932,18.3,31.39094330000007,7.117329239999998
262.2,770.2335316,22.26844307,-6.290991099,819.2178271,15.22647931,-5.512913236,18.3,30.68429550000003,7.04196376
262.3,772.4234483,21.65028923,-6.072085523,820.7068676,14.67346661,-5.378570493,18.3,29.98341929999999,6.976822619999998
262.40000000000003,774.5526441,21.05402596,-5.853179948,822.1410938,14.13790653,-5.205651711,18.3,29.28844970000007,6.91611943
262.5,776.6233082,20.47965325,-5.634274373,823.5228294,13.62462106,-5.003800902,18.3,28.59952119999998,6.8550321899999975
262.6,778.6376295,19.92717109,-5.415368797,824.8543985,13.13457461,-4.782662073,18.3,27.916769,6.792596480000002
262.7,780.5977971,19.39657949,-5.196463222,826.1381248,12.66776718,-4.551879235,18.3,27.240327700000034,6.72881231
262.8,782.5060001,18.88787844,-4.977557646,827.3763324,12.22419876,-4.319489062,18.3,26.570332299999972,6.663679680000001
262.90000000000003,784.3644275,18.40106796,-4.759655967,828.5713451,11.80386937,-4.087098889,18.3,25.906917599999996,6.59719859
263.0,786.1752684,17.93614803,-4.547777666,829.7254868,11.40677899,-3.854708716,18.3,25.250218399999948,6.529369039999999
263.1,787.9407119,17.49311866,-4.347946121,830.8410814,11.03292762,-3.622318543,18.3,24.60036950000001,6.46019104
263.2,789.6629469,17.07137751,-4.16618471,831.9204528,10.68231528,-3.38992837,18.3,23.95750590000007,6.389062230000002
263.3,791.3441626,16.66791289,-4.006365108,832.9659249,10.35494195,-3.157538197,18.3,23.3217623,6.31297094
263.40000000000003,792.9865479,16.27911077,-3.880965801,833.9798217,10.05080764,-2.925704419,18.3,22.693273799999996,6.228303129999999
263.5,794.5922921,15.90135713,-3.788551163,834.9644669,9.769912345,-2.697209016,18.3,22.072174800000038,6.131444784999999
263.6,796.1631021,15.53232896,-3.732276793,835.9221846,9.512256068,-2.475390362,18.3,21.45908250000009,6.020072892
263.7,797.6987578,15.16453918,-3.711138794,836.8552986,9.277504972,-2.263586832,18.3,20.856540800000015,5.887034208000001
263.8,799.198557,14.79824681,-3.720117686,837.7661329,9.063989868,-2.065136798,18.3,20.26757589999995,5.734256942
263.90000000000003,800.6617976,14.42854681,-3.755341791,838.6570112,8.869707732,-1.883378637,18.3,19.695213600000056,5.558839078
264.0,802.0877772,14.05242749,-3.804332627,839.5302576,8.69265554,-1.721094327,18.3,19.14248040000002,5.359771949999999
264.1,803.4757939,13.66928652,-3.86752192,840.3879289,8.530830266,-1.578840263,18.3,18.612135000000034,5.138456253999999
264.2,804.8251454,13.27912389,-3.936734591,841.2310136,8.382228886,-1.45606005,18.3,18.105868199999986,4.896895003999999
264.3,806.1351295,12.8819396,-4.006951159,842.0602331,8.244848376,-1.349971709,18.3,17.625103600000056,4.637091224000001
264.40000000000003,807.4050441,12.47773366,-4.077167726,842.8763091,8.11668571,-1.257236865,18.3,17.171264999999902,4.36104795
264.5,808.6341871,12.06650606,-4.147384294,843.6799628,7.996071702,-1.174517145,18.3,16.745775700000035,4.070434358
264.6,809.8218562,11.6482568,-4.217600861,844.471916,7.882672514,-1.098474173,18.3,16.350059800000007,3.765584286
264.7,810.9673492,11.22298588,-4.287817429,845.2528899,7.776488147,-1.025769576,18.3,15.985540700000069,3.4464977329999993
264.8,812.0699642,10.79069331,-4.358033996,846.0236062,7.677518599,-0.953621375,18.3,15.653642000000058,3.113174711
264.90000000000003,813.1289987,10.35137908,-4.426765749,846.7847863,7.585763872,-0.881473174,18.3,15.355787599999939,2.765615207999999
265.0,814.1437508,9.905043199,-4.475061609,847.5371516,7.501223964,-0.809324973,18.3,15.093400799999994,2.4038192349999994
265.1,815.1135182,9.451685658,-4.528593689,848.2814236,7.423898877,-0.737176771,18.3,14.867905399999994,2.0277867810000005
265.2,816.0375988,8.992197349,-4.543872095,849.0183239,7.35378861,-0.66502857,18.3,14.680725100000085,1.638408739
265.3,816.9152903,8.537948918,-4.523514937,849.7485739,7.290893163,-0.592880369,18.3,14.533283599999958,1.2470557549999999
265.40000000000003,817.7458907,8.073537099,-4.458613324,850.4728952,7.235212536,-0.520732167,18.3,14.42700450000002,0.8383245629999996
265.5,818.5286978,7.625055827,-4.34174318,851.192009,7.18674673,-0.448479097,18.3,14.363311199999952,0.4383090969999994
265.6,819.263722,7.190934237,-4.18294669,851.9066371,7.145495743,-0.375596814,18.3,14.342915099999981,0.045438493999999885
265.7,819.9538249,6.776517664,-3.949127667,852.6175008,7.111459577,-0.301456104,18.3,14.363675900000043,-0.33494191299999976
265.8,820.6025805,6.387151441,-3.68229119,853.3253216,7.084701152,-0.225427754,18.3,14.422741100000007,-0.6975497109999997
265.90000000000003,821.2135629,6.028180904,-3.379819149,854.030821,7.065535075,-0.146882551,18.3,14.51725809999989,-1.0373541709999996
266.0,821.7903462,5.704060498,-3.050620434,854.7347205,7.054338874,-0.065191281,18.3,14.644374299999935,-1.3502783760000003
266.1,822.3365045,5.415681113,-2.703603938,855.4377416,7.051490077,0.0201704,18.3,14.801237099999934,-1.6358089640000006
266.2,822.8556119,5.163042748,-2.34767855,856.1406561,7.057366213,0.10930736,18.3,14.985044200000015,-1.8943234650000003
266.3,823.3512425,4.946145403,-1.990268348,856.8444371,7.072344808,0.202114731,18.3,15.193194600000037,-2.1261994050000004
266.40000000000003,823.8269704,4.764989078,-1.632858145,857.5501082,7.096803392,0.298068169,18.3,15.423137799999903,-2.331814314
266.5,824.2863698,4.619573774,-1.275447942,858.2586928,7.131119491,0.39653846,18.3,15.67232299999996,-2.5115457169999997
266.6,824.7330147,4.50989949,-0.91803774,858.9712146,7.175607713,0.496896391,18.3,15.93819990000004,-2.665708223
266.7,825.1704792,4.435966226,-0.560627537,859.6886969,7.230330979,0.598512748,18.3,16.218217699999922,-2.794364753
266.8,825.6023374,4.397773982,-0.203217334,860.4121632,7.295289289,0.700758319,18.3,16.509825799999998,-2.897515307
266.90000000000003,826.0321635,4.395322759,0.154192868,861.1426372,7.370482643,0.803108758,18.3,16.810473699999942,-2.975159884
267.0,826.4635315,4.428612556,0.510588244,861.8811422,7.45591104,0.905459198,18.3,17.117610699999954,-3.027298484
267.1,826.9000155,4.497643373,0.860894656,862.6287019,7.551574482,1.007809638,18.3,17.428686400000014,-3.0539311090000005
267.2,827.3451896,4.602415211,1.199023141,863.3863396,7.657472968,1.110160077,18.3,17.741150000000015,-3.055057757
267.3,827.802628,4.742319172,1.518884737,864.155079,7.773606498,1.212510517,18.3,18.052450999999973,-3.031287326
267.40000000000003,828.2759047,4.914310776,1.814390479,864.9359434,7.899975071,1.314860957,18.3,18.360038700000086,-2.9856642950000003
267.5,828.7685939,5.114736644,2.079451405,865.7299565,8.036578689,1.417093271,18.3,18.661362599999915,-2.921842045000001
267.6,829.2842696,5.339943398,2.308993377,866.5381416,8.183417351,1.518616831,18.3,18.953872,-2.8434739529999993
267.7,829.8260188,5.586277661,2.50200157,867.3615224,8.340491056,1.618722884,18.3,19.23550359999997,-2.754213395
267.8,830.3949801,5.850086054,2.65949081,868.2011223,8.50772893,1.716702677,18.3,19.506142199999953,-2.6576428760000006
267.90000000000003,830.9918048,6.127715199,2.786535234,869.0579648,8.684776596,1.811847455,18.3,19.76616000000008,-2.557061397000001
268.0,831.6171443,6.415511718,2.889223804,869.9330735,8.871208802,1.903448466,18.3,20.015929200000027,-2.4556970839999996
268.1,832.2716501,6.71043113,2.973645484,870.8274718,9.066600295,1.99091508,18.3,20.255821700000023,-2.3561691650000007
268.2,832.9559736,7.011864538,3.045889237,871.7421265,9.270525824,2.074129173,18.3,20.486152900000047,-2.2586612859999997
268.3,833.670766,7.319811943,3.112044028,872.6777777,9.482560136,2.15320887,18.3,20.70701170000002,-2.1627481929999997
268.40000000000003,834.416679,7.634273344,3.17718399,873.6351087,9.702277978,2.2287448,18.3,20.9184297,-2.0680046339999993
268.5,835.1943637,7.955248741,3.242323953,874.6148026,9.9292541,2.301445715,18.3,21.120438899999908,-1.9740053589999995
268.6,836.0044717,8.282738135,3.307463916,875.617543,10.16313412,2.372020369,18.3,21.3130713,-1.8803959849999998
268.7,836.8476543,8.616741524,3.372603879,876.6440129,10.40384718,2.441177516,18.3,21.49635859999996,-1.7871056559999996
268.8,837.724563,8.95725891,3.437743842,877.6948959,10.65139325,2.50962591,18.3,21.670332900000016,-1.6941343399999997
268.90000000000003,838.6358491,9.304290293,3.502883805,878.7708751,10.90577236,2.577956178,18.3,21.83502600000004,-1.601482067000001
269.0,839.5821641,9.657835671,3.567472626,879.8726338,11.16698449,2.646286446,18.3,21.990469700000016,-1.509148819
269.1,840.5641593,10.01789505,3.628754595,881.0008555,11.43502965,2.714616714,18.3,22.136696199999914,-1.4171346000000007
269.2,841.5824861,10.38446842,3.683422861,882.1562233,11.70990783,2.782946982,18.3,22.27373719999998,-1.3254394100000013
269.3,842.637796,10.7572251,3.728170571,883.3394205,11.99161904,2.85127725,18.3,22.40162449999998,-1.2343939400000004
269.40000000000003,843.7307403,11.13451167,3.759690874,884.5511306,12.28016328,2.919607518,18.3,22.520390299999985,-1.1456516099999998
269.5,844.8619704,11.51434401,3.774676917,885.7920367,12.57554055,2.987373484,18.3,22.63006630000002,-1.0611965399999992
269.6,846.0321378,11.89473801,3.770372992,887.0628222,12.87775084,3.051753642,18.3,22.73068440000004,-0.9830128299999998
269.7,847.2416292,12.27370957,3.746227956,888.3641703,13.18679416,3.109362182,18.3,22.82254109999992,-0.9130845900000004
269.8,848.4897734,12.64927457,3.702792952,889.6967645,13.50233192,3.156813294,18.3,22.90699109999998,-0.8530573500000003
269.90000000000003,849.7756345,13.0194489,3.642823688,891.0612879,13.82267123,3.190721171,18.3,22.9856534,-0.8032223299999988
270.0,851.0982765,13.38224844,3.569627017,892.4584239,14.14578059,3.207700004,18.3,23.06014739999996,-0.7635321499999996
270.1,852.4567636,13.73601978,3.48650979,893.8888558,14.46962852,3.204928284,18.3,23.132092199999942,-0.7336087400000011
270.2,853.8501599,14.08043223,3.39677886,895.3529961,14.79218354,3.18184171,18.3,23.202836200000046,-0.7117513100000004
270.3,855.2775295,14.41548578,3.303741078,896.8501736,15.11141416,3.139004584,18.3,23.272644099999933,-0.6959283800000016
270.40000000000003,856.7379365,14.74118044,3.210152155,898.3794466,15.42528889,3.079238414,18.3,23.341510100000004,-0.6841084499999983
270.5,858.230445,15.05751621,3.116563231,899.9398731,15.73177625,3.005929007,18.3,23.409428099999968,-0.6742600400000001
270.6,859.7541192,15.36449309,3.022974307,901.5305113,16.02918334,2.922462174,18.3,23.476392099999952,-0.6646902499999996
270.7,861.3080231,15.66211107,2.929385383,903.1504192,16.31717157,2.832223723,18.3,23.542396099999973,-0.6550604999999994
270.8,862.8912209,15.95037016,2.835796459,904.798655,16.59574095,2.738599463,18.3,23.607434100000045,-0.6453707899999994
270.90000000000003,864.5027766,16.22927036,2.742207535,906.4742768,16.86489146,2.644410901,18.3,23.671500200000036,-0.635621099999998
271.0,866.1417544,16.49881167,2.648618611,908.1763428,17.12462313,2.55022234,18.3,23.734588400000074,-0.6258114600000013
271.1,867.8072184,16.75899409,2.554926037,909.9039109,17.37493593,2.456033778,18.3,23.796692500000017,-0.6159418399999979
271.2,869.4982326,17.00981761,2.460611561,911.6560394,17.61582988,2.361845216,18.3,23.857806800000002,-0.6060122700000008
271.3,871.2138613,17.25128224,2.365053282,913.4317863,17.84730497,2.267656655,18.3,23.917925000000036,-0.5960227300000014
271.40000000000003,872.9531685,17.48332579,2.267629298,915.2302098,18.06936121,2.173468093,18.3,23.977041300000064,-0.5860354200000017
271.5,874.7152184,17.7056373,2.167717707,917.050368,18.28199859,2.079279532,18.3,24.03514960000002,-0.5763612900000012
271.6,876.4990749,17.91784364,2.064696607,918.8913189,18.48521712,1.985047953,18.3,24.092244000000004,-0.5673734800000005
271.7,878.3038024,18.11957167,1.958047748,920.7521208,18.67901679,1.890558269,18.3,24.148318399999948,-0.5594451199999995
271.8,880.128415,18.31044823,1.847667479,922.6318317,18.8633976,1.795552376,18.3,24.203416700000002,-0.5529493700000003
271.90000000000003,881.9717282,18.4901002,1.733659449,924.5295098,19.03833375,1.699772169,18.3,24.257781599999998,-0.5482335499999991
272.0,883.8325076,18.65815444,1.616541912,926.4442131,19.20369617,1.602959543,18.3,24.31170549999997,-0.5455417300000001
272.1,885.7095187,18.81423779,1.496936767,928.3749997,19.35933002,1.504856394,18.3,24.365481,-0.5450922300000016
272.2,887.6015271,18.95803931,1.375465917,930.3209279,19.50508042,1.405247634,18.3,24.419400800000016,-0.5470411099999986
272.3,889.5072985,19.08949681,1.252751264,932.281035,19.64079251,1.304090246,18.3,24.473736499999927,-0.5512957000000007
272.40000000000003,891.4255985,19.20861029,1.12941471,934.2542759,19.76631144,1.201427247,18.3,24.52867740000006,-0.5577011499999998
272.5,893.3551926,19.31537975,1.005974505,936.2395848,19.88148233,1.097473725,18.3,24.58439219999998,-0.566102579999999
272.6,895.2948465,19.40980519,0.8825343,938.2358961,19.98615032,0.992487784,18.3,24.64104960000004,-0.57634513
272.7,897.2433257,19.49188661,0.759094095,940.2421438,20.08018637,0.88672753,18.3,24.698818099999993,-0.5882997599999982
272.8,899.1993958,19.56162401,0.63565389,942.2572622,20.16356465,0.780451065,18.3,24.757866399999966,-0.6019406400000022
272.90000000000003,901.1618225,19.61901739,0.512213685,944.2801856,20.23628518,0.673916497,18.3,24.81836310000001,-0.6172677899999996
273.0,903.1293713,19.66406675,0.38877348,946.3098481,20.29834795,0.56733891,18.3,24.88047679999995,-0.6342812000000002
273.1,905.1008078,19.69677209,0.265333275,948.3451841,20.34975297,0.460761324,18.3,24.9443763,-0.6529808800000012
273.2,907.0748977,19.71713341,0.142520854,950.3851276,20.39050022,0.354183738,18.3,25.01022990000008,-0.673366810000001
273.3,909.0504065,19.7251507,0.023475137,952.428613,20.42058971,0.247606151,18.3,25.078206500000032,-0.6954390100000012
273.40000000000003,911.0260999,19.72082398,-0.088037174,954.4745744,20.44002145,0.141028565,18.3,25.148474500000088,-0.719197470000001
273.5,913.0007433,19.70452991,-0.188249374,956.5219462,20.44879543,0.034450979,18.3,25.221202900000048,-0.744265519999999
273.6,914.9731025,19.67815183,-0.276820683,958.5696624,20.44691165,-0.070452724,18.3,25.296559899999988,-0.7687598199999996
273.7,916.941943,19.64394978,-0.339706629,960.6166574,20.4343701,-0.156837185,18.3,25.37471439999997,-0.7904203199999991
273.8,918.9060305,19.60418378,-0.384046061,962.6618653,20.41117081,-0.240086917,18.3,25.4558348,-0.8069870300000019
273.90000000000003,920.8644317,19.55905829,-0.405785271,964.7042204,20.37831808,-0.284730802,18.3,25.5397887000001,-0.8192597900000003
274.0,922.8174192,19.517,-0.405552045,966.7426569,20.34591914,-0.289201476,18.3,25.625237700000024,-0.82891914
274.1,924.7655663,19.47410227,-0.386485301,968.7761091,20.30474328,-0.243455635,18.3,25.71054279999994,-0.8306410100000008
274.2,926.7094469,19.43468067,-0.34892582,970.8035111,20.27607316,-0.139123861,18.3,25.794064200000047,-0.8413924900000005
274.3,928.6496344,19.40061856,-0.306918075,972.8246006,20.26084922,0.016991792,18.3,25.874966200000085,-0.8602306599999991
274.40000000000003,930.5867025,19.3722926,-0.253951,974.8423293,20.26509743,0.248645255,18.3,25.95562679999996,-0.8928048299999993
274.5,932.5212248,19.3497028,-0.197217221,976.860452,20.29484376,0.522039294,18.3,26.03922719999998,-0.9451409599999998
274.6,934.453775,19.33284916,-0.139855658,978.8827238,20.35611421,0.835606545,18.3,26.128948800000057,-1.0232650500000027
274.7,936.3849266,19.32173167,-0.082494096,980.9128998,20.45393043,1.179303705,18.3,26.22797320000002,-1.1321987600000014
274.8,938.3152533,19.31635034,-0.025132533,982.9547349,20.58929674,1.54308747,18.3,26.339481599999953,-1.2729464000000021
274.90000000000003,940.2453286,19.31670516,0.03222903,985.0119841,20.76221315,1.916914538,18.3,26.466655499999955,-1.4455079899999994
275.0,942.1757262,19.32279614,0.089590592,987.0884024,20.97267965,2.29241549,18.3,26.612676199999964,-1.6498835099999987
275.1,944.1070197,19.33462328,0.146952155,989.187745,21.22069624,2.667916442,18.3,26.780725299999926,-1.88607296
275.2,946.0397828,19.35218657,0.204552155,991.3137667,21.50626294,3.043417394,18.3,26.97398389999996,-2.1540763699999985
275.3,947.974589,19.37548602,0.263582782,993.4702225,21.82937972,3.418918346,18.3,27.19563349999994,-2.4538936999999983
275.40000000000003,949.9120119,19.40452163,0.325474662,995.6608675,22.19004661,3.794419298,18.3,27.448855599999956,-2.785524979999998
275.5,951.8526252,19.43943646,0.391658421,997.8894568,22.58826358,4.16992025,18.3,27.736831599999913,-3.14882712
275.6,953.7970025,19.48094581,0.463564687,1000.159745,23.02403066,4.545421201,18.3,28.06274250000008,-3.5430848499999996
275.7,955.7457174,19.52990808,0.542624084,1002.475488,23.49734782,4.918071027,18.3,28.42977060000005,-3.967439740000003
275.8,957.6993435,19.58718163,0.630028803,1004.84044,24.00821509,5.273614091,18.3,28.84109649999989,-4.42103346
275.90000000000003,959.6585689,19.65362484,0.726017281,1007.258356,24.55663244,5.594943633,18.3,29.29978710000007,-4.903007600000002
276.0,961.6245394,19.73009608,0.83035108,1009.732991,25.14088922,5.864952893,18.3,29.808451599999966,-5.410793139999999
276.1,963.5985154,19.81745374,0.941838012,1012.268101,25.75243204,6.066535109,18.3,30.369585600000004,-5.934978299999997
276.2,965.5817572,19.91655618,1.059047449,1014.86744,26.38099684,6.182583521,18.3,30.985682800000017,-6.464440660000001
276.3,967.5755251,20.02811873,1.180548766,1017.534763,27.01631956,6.198842494,18.3,31.659237899999948,-6.98820083
276.40000000000003,969.5810794,20.15228443,1.304911336,1020.272457,27.64813615,6.112460901,18.3,32.39137760000001,-7.495851719999997
276.5,971.5996804,20.28905331,1.430704532,1023.077433,28.26618256,5.92628987,18.3,33.177752600000034,-7.977129250000001
276.6,973.6325885,20.43842534,1.556736166,1025.945237,28.86019472,5.654585035,18.3,34.01264849999991,-8.42176938
276.7,975.6810639,20.60040054,1.6827678,1028.871411,29.41990858,5.314453156,18.3,34.89034710000006,-8.819508040000002
276.8,977.746367,20.7749789,1.808799434,1031.8515,29.93677076,4.923000994,18.3,35.805133000000026,-9.161791860000001
276.90000000000003,979.8297581,20.96216043,1.934831069,1034.881047,30.40907058,4.497335311,18.3,36.751288900000034,-9.44691015
277.0,981.9324975,21.16194511,2.060862703,1037.955595,30.83680804,4.054562866,18.3,37.72309749999995,-9.67486293
277.1,984.0558455,21.37433297,2.186894337,1041.07069,31.21998315,3.608939295,18.3,38.714844499999984,-9.84565018
277.2,986.2010625,21.59932398,2.312925971,1044.221873,31.5585959,3.163315724,18.3,39.72081049999993,-9.959271919999999
277.3,988.3694087,21.83691816,2.438923083,1047.40469,31.8526463,2.717692153,18.3,40.73528130000007,-10.01572814
277.40000000000003,990.5621445,22.0871155,2.564713067,1050.614684,32.10213433,2.272068582,18.3,41.752539499999855,-10.015018829999999
277.5,992.7805303,22.34991601,2.690088792,1053.847398,32.30706001,1.82644501,18.3,42.766867700000105,-9.957144
277.6,995.0258262,22.62529896,2.814843131,1057.098377,32.46742334,1.380821439,18.3,43.77255080000005,-9.842124380000005
277.7,997.2992926,22.91316081,2.938768953,1060.363164,32.5832243,0.937177663,18.3,44.763871400000156,-9.670063489999997
277.8,999.6021899,23.21337726,3.06165913,1063.637303,32.65446291,0.505412653,18.3,45.73511309999999,-9.441085649999998
277.90000000000003,1001.935778,23.52582404,3.183341054,1066.916338,32.68113916,0.097405178,18.3,46.68055999999997,-9.155315120000001
278.0,1004.301302,23.85037687,3.303780204,1070.195812,32.66444093,-0.274965995,18.3,47.59450999999997,-8.814064059999996
278.1,1006.699937,24.18691149,3.423011101,1073.471269,32.61030761,-0.599822099,18.3,48.47133199999992,-8.42339612
278.2,1009.132846,24.5353036,3.541206353,1076.738254,32.52586644,-0.876305204,18.3,49.30540800000013,-7.990562840000003
278.3,1011.601189,24.89542893,3.658573088,1079.992309,32.4182447,-1.061453827,18.3,50.091120000000004,-7.522815770000001
278.40000000000003,1014.106128,25.26718392,3.775318437,1083.22993,32.29456965,-1.186350683,18.3,50.82380199999996,-7.027385729999999
278.5,1016.648822,25.65054785,3.891649527,1086.45141,32.15535604,-1.24195473,18.3,51.5025879999999,-6.504808190000002
278.6,1019.230433,26.04552073,4.007773489,1089.657996,32.02756864,-1.238164941,18.3,52.12756299999997,-5.982047909999999
278.7,1021.852121,26.45210255,4.123862929,1092.850933,31.8984972,-1.186860082,18.3,52.69881199999993,-5.446394650000002
278.8,1024.515049,26.87029331,4.239952369,1096.031468,31.78069361,-1.088898086,18.3,53.21641899999982,-4.910400299999999
278.90000000000003,1027.220376,27.30009302,4.356041809,1099.200844,31.67534574,-0.989220228,18.3,53.680467999999976,-4.375252720000002
279.0,1029.969263,27.74150167,4.472131248,1102.360309,31.5824536,-0.866642767,18.3,54.09104599999996,-3.8409519299999992
279.1,1032.762872,28.19451927,4.588220688,1105.511107,31.50201719,-0.742085511,18.3,54.448235000000025,-3.3074979199999994
279.2,1035.602362,28.65914581,4.704310128,1108.654484,31.4340365,-0.617528255,18.3,54.75212199999983,-2.774890690000003
279.3,1038.488896,29.1353813,4.818765521,1111.791687,31.37851154,-0.492970999,18.3,55.002790999999846,-2.243130240000003
279.40000000000003,1041.423634,29.62322573,4.923416634,1114.923959,31.3354423,-0.368413743,18.3,55.20032499999998,-1.712216569999999
279.5,1044.407737,30.1226791,5.004207848,1118.052547,31.30482879,-0.243856487,18.3,55.34481000000001,-1.1821496899999993
279.6,1047.442365,30.63276099,5.064088892,1121.178697,31.286671,-0.119299231,18.3,55.43633199999995,-0.653910009999997
279.7,1050.528681,31.14856925,5.080501476,1124.303653,31.28096894,0.005236237,18.3,55.47497199999994,-0.13239968999999974
279.8,1053.667844,31.66167052,5.047892656,1127.428663,31.28772261,0.129640969,18.3,55.46081899999986,0.3739479100000018
279.90000000000003,1056.861015,32.17383463,4.958092197,1130.55497,31.306932,0.253784234,18.3,55.39395499999996,0.866902630000002
280.0,1060.108571,32.67152661,4.809466053,1133.683821,31.33858404,0.377535296,18.3,55.2752500000001,1.3329425700000002
280.1,1063.407752,33.15141469,4.607899607,1136.816462,31.38261337,0.500763422,18.3,55.10870999999993,1.7688013200000015
280.2,1066.755011,33.60761631,4.348809084,1139.954137,31.43894154,0.623337877,18.3,54.89912599999998,2.168674769999999
280.3,1070.146805,34.03424888,4.054752773,1143.098093,31.50749012,0.745149716,18.3,54.65128799999998,2.52675876
280.40000000000003,1073.579587,34.42641029,3.73128362,1146.249564,31.58818066,0.86617715,18.3,54.36997700000002,2.8382296300000007
280.5,1077.049812,34.78312008,3.388205905,1149.409744,31.68093472,0.986441969,18.3,54.059932000000074,3.1021853600000036
280.6,1080.553937,35.10437828,3.03532391,1152.579816,31.78567387,1.106053117,18.3,53.725879000000035,3.3187044099999987
280.7,1084.088414,35.39018486,2.680807867,1155.760962,31.90231966,1.225141328,18.3,53.37254800000001,3.487865199999998
280.8,1087.649699,35.64053985,2.326291825,1158.954366,32.03080672,1.343837337,18.3,53.004666999999884,3.609733130000002
280.90000000000003,1091.234248,35.85544323,1.971775782,1162.161209,32.17112199,1.462271878,18.3,52.62696100000012,3.6843212399999956
281.0,1094.838514,36.03489501,1.617259739,1165.382676,32.32326546,1.580575684,18.3,52.24416199999992,3.711629549999998
281.1,1098.458952,36.17889518,1.262743697,1168.619948,32.48723713,1.698857702,18.3,51.86099600000007,3.691658050000001
281.2,1102.092019,36.28744375,0.908227654,1171.874209,32.663037,1.817139719,18.3,51.48219000000013,3.6244067499999986
281.3,1105.734167,36.36054071,0.553711612,1175.146642,32.85066507,1.935421736,18.3,51.11247499999986,3.509875640000004
281.40000000000003,1109.381853,36.39818607,0.201112672,1178.438428,33.05012134,2.053703754,18.3,50.75657499999984,3.3480647300000044
281.5,1113.03153,36.40037982,-0.139983649,1181.750752,33.26140582,2.171985771,18.3,50.41922199999995,3.1389739999999975
281.6,1116.679654,36.36712197,-0.458074733,1185.084795,33.4845185,2.290267789,18.3,50.10514099999996,2.8826034699999994
281.7,1120.32268,36.29956278,-0.741657962,1188.441742,33.71945938,2.408549806,18.3,49.81906199999999,2.5801033999999987
281.8,1123.957063,36.20345356,-0.982952055,1191.822773,33.96622846,2.52588457,18.3,49.56571000000004,2.2372250999999963
281.90000000000003,1127.579256,36.08569587,-1.15929038,1195.229073,34.22482574,2.637535809,18.3,49.34981699999999,1.8608701300000021
282.0,1131.185716,35.95319129,-1.272251435,1198.661824,34.49525123,2.737820001,18.3,49.17610800000007,1.4579400599999985
282.1,1134.773817,35.81060859,-1.316196779,1202.122209,34.77693656,2.82105362,18.3,49.048392000000106,1.0336720299999982
282.2,1138.344615,35.67154775,-1.293043516,1205.611411,35.06703998,2.881553144,18.3,48.966796000000116,0.604507770000005
282.3,1141.900087,35.53621192,-1.21237716,1209.130613,35.36215138,2.913635048,18.3,48.93052600000006,0.17406053999999926
282.40000000000003,1145.442207,35.41373549,-1.081978993,1212.680996,35.65886063,2.912563062,18.3,48.938789,-0.24512513999999896
282.5,1148.972953,35.30986976,-0.924515647,1216.263291,35.95375763,2.877389932,18.3,48.99033800000002,-0.6438878700000004
282.6,1152.494301,35.22576499,-0.740325725,1219.876405,36.24343226,2.809062912,18.3,49.08210400000003,-1.017667269999997
282.7,1156.008226,35.16142119,-0.544633185,1223.518794,36.5244744,2.712318273,18.3,49.21056800000015,-1.363053210000004
282.8,1159.516705,35.11683836,-0.347023542,1227.188913,36.79347394,2.592839537,18.3,49.37220799999996,-1.6766355799999957
282.90000000000003,1163.021713,35.09201649,-0.149413899,1230.885215,37.04758913,2.45631023,18.3,49.56350199999993,-1.9555726399999998
283.0,1166.525227,35.08695558,0.048195744,1234.606157,37.2862516,2.308413874,18.3,49.780929999999856,-2.1992960199999985
283.1,1170.029224,35.10165563,0.245805387,1238.350192,37.50946135,2.154833995,18.3,50.020967999999996,-2.407805719999999
283.2,1173.535678,35.13611665,0.44341503,1242.115776,37.71721839,2.000306861,18.3,50.28009800000014,-2.581101740000001
283.3,1177.046567,35.19033864,0.641024673,1245.901362,37.90952272,1.845779728,18.3,50.55479499999997,-2.719184079999998
283.40000000000003,1180.563865,35.26432159,0.837651263,1249.705406,38.08637434,1.691252595,18.3,50.841540999999964,-2.8220527499999974
283.5,1184.08955,35.3580655,1.028379531,1253.526363,38.24777324,1.536725461,18.3,51.13681300000003,-2.8897077399999986
283.6,1187.625598,35.47157038,1.207311157,1257.362687,38.39371943,1.382198328,18.3,51.43708899999997,-2.9221490499999945
283.7,1191.173984,35.60424639,1.36854782,1261.212834,38.52421291,1.227671194,18.3,51.738849999999914,-2.9199665200000027
283.8,1194.736685,35.75314437,1.510118117,1265.075256,38.63925367,1.073309633,18.3,52.038571000000005,-2.886109300000001
283.90000000000003,1198.315676,35.91472533,1.614342971,1268.948411,38.73884172,0.919941505,18.3,52.33273500000014,-2.8241163900000004
284.0,1201.912934,36.08545028,1.688087871,1272.830751,38.82297706,0.768560242,18.3,52.61781700000002,-2.737526779999996
284.1,1205.529964,36.26413637,1.726442844,1276.720732,38.89175902,0.620159277,18.3,52.89076799999994,-2.6276226499999993
284.2,1209.166381,36.44017616,1.730390945,1280.616809,38.94568434,0.475732044,18.3,53.150428000000105,-2.5055081799999996
284.3,1212.821331,36.61709911,1.704847439,1284.517437,38.98534905,0.336271975,18.3,53.396105999999875,-2.3682499400000054
284.40000000000003,1216.493958,36.78901008,1.651783731,1288.421069,39.01134924,0.202606931,18.3,53.62711099999997,-2.222339160000004
284.5,1220.183408,36.9529599,1.588878896,1292.326241,39.02428095,0.074902484,18.3,53.842832999999885,-2.0713210499999946
284.6,1223.888826,37.10835874,1.510250501,1296.231804,39.02474024,-0.047006939,18.3,54.042977999999906,-1.9163815
284.7,1227.609355,37.25520661,1.425723784,1300.13669,39.01332318,-0.163949198,18.3,54.227335,-1.7581165699999985
284.8,1231.344142,37.3935035,1.340214015,1304.03983,38.99062583,-0.276917725,18.3,54.39568800000002,-1.5971223299999977
284.90000000000003,1235.092332,37.52324941,1.254704245,1307.940157,38.95714489,-0.386905954,18.3,54.54782500000006,-1.4338954800000039
285.0,1238.853068,37.64444435,1.169194475,1311.836602,38.91297972,-0.494907317,18.3,54.68353400000019,-1.2685353700000022
285.1,1242.625496,37.75708831,1.083684705,1315.728095,38.85813031,-0.601915248,18.3,54.80259899999983,-1.1010419999999996
285.2,1246.408761,37.86118129,0.998174935,1319.61357,38.79259667,-0.708757606,18.3,54.90480900000007,-0.9314153800000042
285.3,1250.202008,37.9567233,0.912665165,1323.491957,38.71637879,-0.815599964,18.3,54.98994899999998,-0.7596554900000001
285.40000000000003,1254.004381,38.04371432,0.827155395,1327.362188,38.62947668,-0.922442322,18.3,55.057807000000096,-0.5857623600000039
285.5,1257.815026,38.12215438,0.741553546,1331.223194,38.53189033,-1.029284681,18.3,55.108167999999935,-0.4097359500000053
285.6,1261.633087,38.19204345,0.655399222,1335.073908,38.42361974,-1.136127039,18.3,55.140821000000145,-0.23157628999999957
285.7,1265.45771,38.25338155,0.568139948,1338.91326,38.30466492,-1.242969397,18.3,55.15555000000013,-0.05128337000000016
285.8,1269.288039,38.30611342,0.479223249,1342.740183,38.17502586,-1.349265915,18.3,55.152143999999865,0.13108756000000454
285.90000000000003,1273.123219,38.34996283,0.388096651,1346.553607,38.03470257,-1.452287392,18.3,55.130387999999996,0.3152602600000023
286.0,1276.962396,38.38459829,0.294207678,1350.352466,37.88369504,-1.548758785,18.3,55.09007000000015,0.5009032500000004
286.1,1280.804713,38.40968833,0.197095935,1354.135689,37.72233078,-1.635405053,18.3,55.03097599999997,0.6873575500000015
286.2,1284.649272,38.42490144,0.096669342,1357.902208,37.55224731,-1.711722578,18.3,54.952935999999866,0.8726541300000008
286.3,1288.494996,38.42990615,-0.006980021,1361.650956,37.37540965,-1.766122047,18.3,54.85596000000005,1.054496499999999
286.40000000000003,1292.340766,38.42437098,-0.113391759,1365.380864,37.19378283,-1.80418853,18.3,54.740097999999946,1.2305881499999956
286.5,1296.185461,38.40796443,-0.222013396,1369.091125,37.00766902,-1.822604764,18.3,54.60566399999989,1.4002954099999982
286.6,1300.02796,38.38041028,-0.332292458,1372.781981,36.82402181,-1.821916587,18.3,54.454021000000196,1.5563884700000017
286.7,1303.867144,38.34165327,-0.44367647,1376.453935,36.63981766,-1.804853202,18.3,54.28679099999995,1.7018356100000034
286.8,1307.701892,38.2916934,-0.555612957,1380.107492,36.45868445,-1.771918227,18.3,54.10560000000005,1.83300895
286.90000000000003,1311.531084,38.23053068,-0.667641523,1383.743154,36.2822597,-1.734700974,18.3,53.91207000000004,1.9482709800000038
287.0,1315.3536,38.1581651,-0.779670089,1387.361426,36.11087091,-1.688162214,18.3,53.707826000000026,2.0472941899999952
287.1,1319.168319,38.07459666,-0.891698655,1390.96281,35.94451808,-1.638348413,18.3,53.49449099999988,2.1300785799999957
287.2,1322.974121,37.97982537,-1.003727221,1394.547811,35.78320123,-1.587988771,18.3,53.273689999999945,2.1966241399999973
287.3,1326.769885,37.87385122,-1.115755787,1398.116933,35.62692033,-1.537629129,18.3,53.04704800000009,2.2469308900000016
287.40000000000003,1330.554492,37.75667421,-1.227784353,1401.670677,35.4756754,-1.487269488,18.3,52.81618500000009,2.28099881
287.5,1334.326822,37.62829435,-1.339812919,1405.20955,35.32946643,-1.436909846,18.3,52.582728000000046,2.298827920000001
287.6,1338.085753,37.48871163,-1.451076239,1408.734053,35.18829343,-1.386550204,18.3,52.34829999999984,2.3004181999999957
287.7,1341.830165,37.33792605,-1.557748082,1412.24469,35.05215639,-1.336190562,18.3,52.114524999999915,2.2857696599999997
287.8,1345.558939,37.17593762,-1.655236971,1415.741966,34.92105532,-1.28583092,18.3,51.88302700000004,2.2548822999999985
287.90000000000003,1349.270954,37.00320547,-1.73895143,1419.226383,34.79499021,-1.235373269,18.3,51.65542899999987,2.208215259999996
288.0,1352.96509,36.82202536,-1.804299982,1422.698446,34.67396106,-1.184327558,18.3,51.43335600000019,2.1480642999999944
288.1,1356.640226,36.63515216,-1.84669115,1426.158658,34.55796788,-1.132105727,18.3,51.21843200000008,2.0771842799999973
288.2,1360.295243,36.44534077,-1.862298703,1429.607522,34.44706947,-1.078119719,18.3,51.01227899999999,1.998271299999999
288.3,1363.929386,36.25534606,-1.850357395,1433.045542,34.34155986,-1.021781472,18.3,50.81615600000005,1.913786200000004
288.40000000000003,1367.543373,36.06792293,-1.811632472,1436.473222,34.24179188,-0.962502928,18.3,50.62984900000011,1.8261310500000008
288.5,1371.138287,35.88582625,-1.749950166,1439.891065,34.14811838,-0.899794037,18.3,50.45277800000004,1.7377078700000013
288.6,1374.715212,35.71181092,-1.669901952,1443.299622,34.06089218,-0.833556789,18.3,50.28440999999994,1.6509187399999945
288.7,1378.275231,35.54817268,-1.576079307,1446.699631,33.98046612,-0.763889194,18.3,50.12439999999988,1.5677065599999978
288.8,1381.819428,35.39537067,-1.47307371,1450.09188,33.90719305,-0.691281301,18.3,49.97245199999993,1.4881776200000019
288.90000000000003,1385.348887,35.25340489,-1.365476635,1453.477152,33.84142578,-0.616321171,18.3,49.82826499999983,1.4119791099999972
289.0,1388.864691,35.12227534,-1.257114314,1456.856235,33.78345837,-0.539596862,18.3,49.69154399999998,1.3388169700000034
289.1,1392.367924,35.00198203,-1.148751993,1460.229915,33.7333496,-0.461696433,18.3,49.56199099999999,1.2686324300000038
289.2,1395.85967,34.89252494,-1.040389672,1463.598976,33.69109948,-0.383207946,18.3,49.439305999999945,1.201425460000003
289.3,1399.341011,34.79390409,-0.932027351,1466.964205,33.65670801,-0.304621449,18.3,49.323194000000015,1.1371960799999954
289.40000000000003,1402.813032,34.70611947,-0.823665031,1470.326388,33.63017519,-0.226034951,18.3,49.21335599999993,1.0759442799999945
289.5,1406.276817,34.62917109,-0.71530271,1473.686311,33.61150102,-0.147448454,18.3,49.109494,1.0176700700000012
289.6,1409.733448,34.56305893,-0.607363141,1477.044759,33.6006855,-0.068861956,18.3,49.01131100000016,0.9623734299999995
289.7,1413.184011,34.50778301,-0.501960083,1480.402519,33.59772863,0.009724541,18.3,48.91850799999993,0.9100543799999983
289.8,1416.629587,34.46334332,-0.401630047,1483.760376,33.6026304,0.088311039,18.3,48.83078900000005,0.8607129199999974
289.90000000000003,1420.071261,34.42948621,-0.308909544,1487.119116,33.61539083,0.16631893,18.3,48.74785500000003,0.8140953799999977
290.0,1423.510117,34.40494342,-0.226335085,1490.479524,33.63600991,0.240855181,18.3,48.66940700000005,0.7689335100000037
290.1,1426.947237,34.38819306,-0.154245943,1493.842388,33.66448764,0.308448155,18.3,48.595150999999944,0.7237054200000017
290.2,1430.383707,34.3777132,-0.099166692,1497.208493,33.70047685,0.365626211,18.3,48.524786000000134,0.6772363500000012
290.3,1433.820406,34.37198196,-0.061471069,1500.578624,33.74224173,0.40891771,18.3,48.458217999999945,0.6297402299999959
290.40000000000003,1437.257403,34.37079575,-0.03639086,1503.953567,33.7876993,0.434851014,18.3,48.396163999999956,0.5830964499999993
290.5,1440.694565,34.36998619,-0.023993206,1507.334109,33.83476656,0.44053309,18.3,48.33954399999989,0.5352196300000003
290.6,1444.131757,34.36806078,-0.021741597,1510.720757,33.88136054,0.42538533,18.3,48.288999999999945,0.48670023999999756
290.7,1447.568847,34.36635854,-0.029296759,1514.112909,33.92539825,0.389986343,18.3,48.24406199999994,0.4409602899999996
290.8,1451.005699,34.36331728,-0.039711365,1517.509684,33.96479671,0.33722916,18.3,48.20398500000006,0.3985205699999952
290.90000000000003,1454.44218,34.358937,-0.050497922,1520.910201,33.99747293,0.27058542,18.3,48.16802099999991,0.3614640699999967
291.0,1457.878156,34.3532177,-0.06388813,1524.313581,34.0216911,0.193526762,18.3,48.135425000000126,0.33152660000000367
291.1,1461.313493,34.34615937,-0.077278338,1527.718942,34.03710406,0.109524827,18.3,48.105448999999865,0.3090553100000051
291.2,1464.748057,34.33776203,-0.090668547,1531.125405,34.04371179,0.022051252,18.3,48.077347999999986,0.29405023999999713
291.3,1468.181715,34.32802566,-0.104058755,1534.532087,34.04151431,-0.066000929,18.3,48.05037200000011,0.28651135000000494
291.40000000000003,1471.614332,34.31695028,-0.117448963,1537.93811,34.0305116,-0.15405311,18.3,48.02377799999995,0.2864386800000034
291.5,1475.045774,34.30453587,-0.130839172,1541.342592,34.01070368,-0.242105291,18.3,47.99681800000003,0.2938321900000034
291.6,1478.475908,34.29078244,-0.14422938,1544.744653,33.98209055,-0.330157473,18.3,47.968745000000084,0.30869188999999864
291.7,1481.9046,34.27568999,-0.157520677,1548.143413,33.94467219,-0.418209654,18.3,47.93881299999994,0.3310177999999979
291.8,1485.331716,34.25925853,-0.170218504,1551.53799,33.89844862,-0.506261835,18.3,47.906274000000124,0.3608099099999933
291.90000000000003,1488.757121,34.24148804,-0.181729394,1554.927505,33.84341982,-0.594314016,18.3,47.870384000000016,0.398068219999999
292.0,1492.180683,34.22243787,-0.191459876,1558.311077,33.77958581,-0.682366197,18.3,47.83039400000003,0.4428520599999999
292.1,1495.602267,34.20240477,-0.198816481,1561.687825,33.70694658,-0.770418379,18.3,47.785557999999995,0.4954581900000008
292.2,1499.021738,34.18174481,-0.20320574,1565.056869,33.62550214,-0.85847056,18.3,47.735131000000095,0.556242669999996
292.3,1502.438965,34.16081407,-0.204133095,1568.417328,33.53525247,-0.946522741,18.3,47.67836299999995,0.6255615999999975
292.40000000000003,1505.853859,34.13996864,-0.201499636,1571.768322,33.43619759,-1.034574922,18.3,47.614462999999844,0.7037710500000003
292.5,1509.266524,34.11956459,-0.195404273,1575.10897,33.32833749,-1.122627103,18.3,47.54244600000011,0.7912271000000004
292.6,1512.677112,34.09995801,-0.186341565,1578.438392,33.21167217,-1.210679285,18.3,47.461279999999945,0.8882858400000018
292.7,1516.085773,34.08150499,-0.174904979,1581.755707,33.08620163,-1.298731466,18.3,47.369934000000015,0.9953033600000012
292.8,1519.492658,34.06450224,-0.161687986,1585.060035,32.95192587,-1.386783647,18.3,47.26737700000008,1.1125763700000064
292.90000000000003,1522.897918,34.04900913,-0.147284055,1588.350495,32.8088449,-1.474835828,18.3,47.15257700000002,1.2401642300000049
293.0,1526.301705,34.03502565,-0.132286655,1591.626207,32.65695871,-1.562888009,18.3,47.02450199999994,1.3780669400000036
293.1,1529.704169,34.0225518,-0.117190343,1594.886289,32.4962673,-1.650940191,18.3,46.882119999999944,1.5262845000000027
293.2,1533.10546,34.01158758,-0.102094031,1598.129863,32.32677067,-1.738992372,18.3,46.724402999999896,1.684816909999995
293.3,1536.505731,34.00213299,-0.086997719,1601.356046,32.14846882,-1.827044553,18.3,46.55031500000014,1.8536641700000018
293.40000000000003,1539.905132,33.99418804,-0.071901407,1604.563959,31.96136176,-1.915096734,18.3,46.35882699999998,2.0328262799999983
293.5,1543.303814,33.98775271,-0.056805095,1607.752721,31.76544948,-2.003148915,18.3,46.148906999999966,2.2223032300000014
293.6,1546.701928,33.98282702,-0.041708784,1610.921452,31.56073198,-2.091201097,18.3,45.919524000000095,2.422095040000002
293.7,1550.099625,33.97941096,-0.026612472,1614.06927,31.34720926,-2.16213202,18.3,45.6696449999999,2.632201700000003
293.8,1553.497055,33.97750452,-0.01151616,1617.195296,31.12488132,-2.239789152,18.3,45.398241000000056,2.8526231999999965
293.90000000000003,1556.894371,33.97710772,0.003580152,1620.298649,30.89374817,-2.303993868,18.3,45.10427799999998,3.083359550000001
294.0,1560.291722,33.97822055,0.018676464,1623.378448,30.66408255,-2.210441609,18.3,44.786726,3.3141380000000034
294.1,1563.68926,33.98084302,0.033772776,1626.433813,30.42267664,-2.055742002,18.3,44.444553,3.558166380000003
294.2,1567.087136,33.98497511,0.048869088,1629.463864,30.16953044,-1.915105225,18.3,44.07672799999996,3.8154446700000015
294.3,1570.4855,33.99061683,0.0639654,1632.46772,30.02094429,-1.73411332,18.3,43.6822200000001,3.9696725400000012
294.40000000000003,1573.884504,33.99776819,0.079061712,1635.444499,29.89143612,-1.598124165,18.3,43.25999499999985,4.1063320700000006
294.5,1577.284299,34.00642918,0.094158024,1638.393323,29.75899287,-1.364789705,18.3,42.80902400000009,4.247436309999998
294.6,1580.685035,34.01659979,0.109254335,1641.31331,29.62361456,-1.353783183,18.3,42.32827500000003,4.392985230000001
