dataset,src,run,follower,leader,lane,dt,units,t_start,t_end,duration_s,n_points,is_av_follower,mean_speed,min_gap,mean_gap,max_gap,length_imputed,n_missing_frames,max_gap_frames,coverage,n_collision_frames,split,path
ngsim,final_I80_trajectories-0500pm-0515pm,final_I80_trajectories-0500pm-0515pm,755,751,3.0,0.1,ft,134.4,209.3,74.9,750,False,19.68507100077067,8.67904799999983,41.237964489973336,94.02825057999998,False,0,0,1.0,0,train,train/ngsim_final_I80_trajectories-0500pm-0515pm_runfinal_I80_trajectories-0500pm-0515pm_f755_l751_00001.csv
ngsim,final_I80_trajectories-0515pm-0530pm,final_I80_trajectories-0515pm-0530pm,252,265,5.0,0.1,ft,146.3,230.4,84.1,842,False,17.87590294159739,27.06889229999997,60.25434958832542,114.16038899999985,False,0,0,1.0,0,train,train/ngsim_final_I80_trajectories-0515pm-0530pm_runfinal_I80_trajectories-0515pm-0530pm_f252_l265_00002.csv
ngsim,final_I80_trajectories-0515pm-0530pm,final_I80_trajectories-0515pm-0530pm,620,610,6.0,0.1,ft,299.8,356.3,56.5,566,False,16.93974132866431,7.257498000000123,20.132878616431096,36.55412099999985,False,0,0,1.0,0,train,train/ngsim_final_I80_trajectories-0515pm-0530pm_runfinal_I80_trajectories-0515pm-0530pm_f620_l610_00003.csv
ngsim,final_I80_trajectories-0400pm-0415pm,final_I80_trajectories-0400pm-0415pm,903,875,3.0,0.1,ft,255.8,314.70000000000005,58.900000000000034,590,False,25.21513828044068,30.704288800000008,44.31038094711865,58.12724900000021,False,0,0,1.0,0,train,train/ngsim_final_I80_trajectories-0400pm-0415pm_runfinal_I80_trajectories-0400pm-0415pm_f903_l875_00004.csv
ngsim,final_I80_trajectories-0515pm-0530pm,final_I80_trajectories-0515pm-0530pm,903,898,4.0,0.1,ft,345.5,436.0,90.5,906,False,16.95615207231788,17.362399100000015,31.3443429298234,49.15981899999993,False,0,0,1.0,0,train,train/ngsim_final_I80_trajectories-0515pm-0530pm_runfinal_I80_trajectories-0515pm-0530pm_f903_l898_00005.csv
ngsim,final_I80_trajectories-0400pm-0415pm,final_I80_trajectories-0400pm-0415pm,2308,2301,2.0,0.1,ft,682.8000000000001,747.8000000000001,65.0,651,False,23.618871428801846,7.511120890000008,24.62425498184332,40.78330480000003,False,0,0,1.0,0,train,train/ngsim_final_I80_trajectories-0400pm-0415pm_runfinal_I80_trajectories-0400pm-0415pm_f2308_l2301_00006.csv
ngsim,final_I80_trajectories-0400pm-0415pm,final_I80_trajectories-0400pm-0415pm,2118,2107,6.0,0.1,ft,630.8000000000001,696.8000000000001,66.0,661,False,22.053330548836612,17.789853399999924,40.12433155673222,104.1545789,False,0,0,1.0,0,train,train/ngsim_final_I80_trajectories-0400pm-0415pm_runfinal_I80_trajectories-0400pm-0415pm_f2118_l2107_00007.csv
ngsim,final_I80_trajectories-0400pm-0415pm,final_I80_trajectories-0400pm-0415pm,2774,2775,2.0,0.1,ft,768.0,827.7,59.700000000000045,598,False,17.824543767003348,15.324617400000033,39.692423903678936,76.63170499999997,False,0,0,1.0,0,train,train/ngsim_final_I80_trajectories-0400pm-0415pm_runfinal_I80_trajectories-0400pm-0415pm_f2774_l2775_00008.csv
ngsim,final_I80_trajectories-0515pm-0530pm,final_I80_trajectories-0515pm-0530pm,69,59,6.0,0.1,ft,62.400000000000006,132.4,70.0,701,False,8.363196990771755,7.933268199999997,18.799471532667614,39.355980600000024,False,0,0,1.0,0,train,train/ngsim_final_I80_trajectories-0515pm-0530pm_runfinal_I80_trajectories-0515pm-0530pm_f69_l59_00009.csv
ngsim,final_I80_trajectories-0500pm-0515pm,final_I80_trajectories-0500pm-0515pm,844,837,5.0,0.1,ft,173.4,225.3,51.900000000000006,520,False,29.815390817615384,30.560362000000122,72.37604043401925,102.39861050000009,False,0,0,1.0,0,train,train/ngsim_final_I80_trajectories-0500pm-0515pm_runfinal_I80_trajectories-0500pm-0515pm_f844_l837_00010.csv
ngsim,final_I80_trajectories-0515pm-0530pm,final_I80_trajectories-0515pm-0530pm,844,836,3.0,0.1,ft,335.70000000000005,416.40000000000003,80.69999999999999,808,False,14.771392339735149,9.41269749999999,44.40693000519803,97.24478749999999,False,0,0,1.0,0,train,train/ngsim_final_I80_trajectories-0515pm-0530pm_runfinal_I80_trajectories-0515pm-0530pm_f844_l836_00011.csv
ngsim,final_I80_trajectories-0500pm-0515pm,final_I80_trajectories-0500pm-0515pm,1115,1108,3.0,0.1,ft,276.90000000000003,364.5,87.59999999999997,877,False,17.525136428017102,10.32683209999991,29.598474593272524,46.320361700000014,False,0,0,1.0,0,train,train/ngsim_final_I80_trajectories-0500pm-0515pm_runfinal_I80_trajectories-0500pm-0515pm_f1115_l1108_00012.csv
ngsim,final_I80_trajectories-0400pm-0415pm,final_I80_trajectories-0400pm-0415pm,2257,2252,3.0,0.1,ft,666.1,724.0,57.89999999999998,580,False,20.374970764431033,28.493119100000012,65.12548863318965,138.9834069,False,0,0,1.0,0,train,train/ngsim_final_I80_trajectories-0400pm-0415pm_runfinal_I80_trajectories-0400pm-0415pm_f2257_l2252_00013.csv
ngsim,final_I80_trajectories-0500pm-0515pm,final_I80_trajectories-0500pm-0515pm,929,916,2.0,0.1,ft,190.60000000000002,258.3,67.69999999999999,678,False,22.257469204613567,21.810452099999974,74.51732523268437,131.17110799999995,False,0,0,1.0,0,train,train/ngsim_final_I80_trajectories-0500pm-0515pm_runfinal_I80_trajectories-0500pm-0515pm_f929_l916_00014.csv
ngsim,final_I80_trajectories-0500pm-0515pm,final_I80_trajectories-0500pm-0515pm,882,876,3.0,0.1,ft,199.0,250.10000000000002,51.10000000000002,512,False,18.012970372646485,5.377149099999951,21.98360786503906,39.84831800000002,False,0,0,1.0,0,train,train/ngsim_final_I80_trajectories-0500pm-0515pm_runfinal_I80_trajectories-0500pm-0515pm_f882_l876_00015.csv
ngsim,final_I80_trajectories-0515pm-0530pm,final_I80_trajectories-0515pm-0530pm,582,573,6.0,0.1,ft,287.90000000000003,343.1,55.19999999999999,553,False,17.300575950940324,1.5674849999999871,37.013810273598544,65.31845030000007,False,0,0,1.0,0,train,train/ngsim_final_I80_trajectories-0515pm-0530pm_runfinal_I80_trajectories-0515pm-0530pm_f582_l573_00016.csv
ngsim,final_I80_trajectories-0400pm-0415pm,final_I80_trajectories-0400pm-0415pm,479,470,4.0,0.1,ft,163.3,219.5,56.19999999999999,563,False,26.216092713403196,15.025147400000048,45.508477459538184,90.6055370000001,False,0,0,1.0,0,train,train/ngsim_final_I80_trajectories-0400pm-0415pm_runfinal_I80_trajectories-0400pm-0415pm_f479_l470_00017.csv
ngsim,final_I80_trajectories-0500pm-0515pm,final_I80_trajectories-0500pm-0515pm,1329,1323,4.0,0.1,ft,398.3,459.0,60.69999999999999,608,False,13.202673950894736,17.591765000000077,26.134119859046052,35.01598929999996,False,0,0,1.0,0,train,train/ngsim_final_I80_trajectories-0500pm-0515pm_runfinal_I80_trajectories-0500pm-0515pm_f1329_l1323_00018.csv
ngsim,final_I80_trajectories-0400pm-0415pm,final_I80_trajectories-0400pm-0415pm,1157,1149,2.0,0.1,ft,319.70000000000005,377.1,57.39999999999998,575,False,26.29476179229565,12.10977100000009,53.38440121791304,100.81398689999999,False,0,0,1.0,0,train,train/ngsim_final_I80_trajectories-0400pm-0415pm_runfinal_I80_trajectories-0400pm-0415pm_f1157_l1149_00019.csv
ngsim,final_I80_trajectories-0515pm-0530pm,final_I80_trajectories-0515pm-0530pm,1157,1150,6.0,0.1,ft,444.40000000000003,504.5,60.099999999999966,602,False,25.735060589501664,13.873646999999982,38.656268807126246,60.642618000000176,False,0,0,1.0,0,train,train/ngsim_final_I80_trajectories-0515pm-0530pm_runfinal_I80_trajectories-0515pm-0530pm_f1157_l1150_00020.csv
ngsim,final_I80_trajectories-0515pm-0530pm,final_I80_trajectories-0515pm-0530pm,1416,1409,3.0,0.1,ft,520.0,604.1,84.10000000000002,842,False,18.343752906608078,10.137964599999986,24.398594323847973,53.137448599999985,False,0,0,1.0,0,train,train/ngsim_final_I80_trajectories-0515pm-0530pm_runfinal_I80_trajectories-0515pm-0530pm_f1416_l1409_00021.csv
ngsim,final_I80_trajectories-0400pm-0415pm,final_I80_trajectories-0400pm-0415pm,103,89,6.0,0.1,ft,42.7,106.4,63.7,638,False,21.572261672479623,11.235302900000004,57.685218623103445,95.05763999999995,False,0,0,1.0,0,train,train/ngsim_final_I80_trajectories-0400pm-0415pm_runfinal_I80_trajectories-0400pm-0415pm_f103_l89_00022.csv
ngsim,final_I80_trajectories-0400pm-0415pm,final_I80_trajectories-0400pm-0415pm,2128,2122,2.0,0.1,ft,637.7,705.4000000000001,67.70000000000005,678,False,21.85132783778466,9.894665400000019,53.151023827654875,134.32483363999998,False,0,0,1.0,0,train,train/ngsim_final_I80_trajectories-0400pm-0415pm_runfinal_I80_trajectories-0400pm-0415pm_f2128_l2122_00023.csv
ngsim,final_I80_trajectories-0400pm-0415pm,final_I80_trajectories-0400pm-0415pm,1126,1122,4.0,0.1,ft,322.20000000000005,383.90000000000003,61.69999999999999,618,False,25.25572968639482,5.441655000000036,26.827831927281554,76.83840300000001,False,0,0,1.0,0,train,train/ngsim_final_I80_trajectories-0400pm-0415pm_runfinal_I80_trajectories-0400pm-0415pm_f1126_l1122_00024.csv
ngsim,final_I80_trajectories-0500pm-0515pm,final_I80_trajectories-0500pm-0515pm,1972,1945,2.0,0.1,ft,652.0,719.4000000000001,67.40000000000009,675,False,7.829382946343704,11.125858999999945,23.885463112592593,62.72597399999991,False,0,0,1.0,0,train,train/ngsim_final_I80_trajectories-0500pm-0515pm_runfinal_I80_trajectories-0500pm-0515pm_f1972_l1945_00025.csv
ngsim,final_I80_trajectories-0400pm-0415pm,final_I80_trajectories-0400pm-0415pm,396,392,4.0,0.1,ft,140.20000000000002,194.60000000000002,54.400000000000006,545,False,28.82907209906422,11.845389000000159,29.173525081651373,44.26601679999997,False,0,0,1.0,0,train,train/ngsim_final_I80_trajectories-0400pm-0415pm_runfinal_I80_trajectories-0400pm-0415pm_f396_l392_00026.csv
ngsim,final_I80_trajectories-0500pm-0515pm,final_I80_trajectories-0500pm-0515pm,396,397,2.0,0.1,ft,21.8,81.2,59.400000000000006,595,False,25.85999729742857,12.033091500000022,26.20450371820168,44.198667999999955,False,0,0,1.0,0,train,train/ngsim_final_I80_trajectories-0500pm-0515pm_runfinal_I80_trajectories-0500pm-0515pm_f396_l397_00027.csv
ngsim,final_I80_trajectories-0515pm-0530pm,final_I80_trajectories-0515pm-0530pm,396,387,5.0,0.1,ft,211.0,271.3,60.30000000000001,604,False,20.826127450115894,31.472839499999974,56.87993696953643,99.32891300000001,False,0,0,1.0,0,train,train/ngsim_final_I80_trajectories-0515pm-0530pm_runfinal_I80_trajectories-0515pm-0530pm_f396_l387_00028.csv
ngsim,final_I80_trajectories-0400pm-0415pm,final_I80_trajectories-0400pm-0415pm,1525,1521,2.0,0.1,ft,460.3,513.4,53.099999999999966,532,False,23.21206464505639,12.9555021,26.47878104417293,57.5858479999999,False,0,0,1.0,0,train,train/ngsim_final_I80_trajectories-0400pm-0415pm_runfinal_I80_trajectories-0400pm-0415pm_f1525_l1521_00029.csv
ngsim,final_I80_trajectories-0500pm-0515pm,final_I80_trajectories-0500pm-0515pm,1525,1520,5.0,0.1,ft,437.1,509.6,72.5,726,False,18.000601886151514,28.380514599999948,54.61671752632232,95.35455400000009,False,0,0,1.0,0,train,train/ngsim_final_I80_trajectories-0500pm-0515pm_runfinal_I80_trajectories-0500pm-0515pm_f1525_l1520_00030.csv
ngsim,final_I80_trajectories-0400pm-0415pm,final_I80_trajectories-0400pm-0415pm,2122,2113,2.0,0.1,ft,633.3000000000001,703.5,70.19999999999993,703,False,21.631993453719772,9.074738999999976,45.80080765876245,81.34311468,False,0,0,1.0,0,train,train/ngsim_final_I80_trajectories-0400pm-0415pm_runfinal_I80_trajectories-0400pm-0415pm_f2122_l2113_00031.csv
ngsim,final_I80_trajectories-0400pm-0415pm,final_I80_trajectories-0400pm-0415pm,2394,2384,3.0,0.1,ft,739.1,789.7,50.60000000000002,507,False,18.236655310061145,16.727476999999862,54.251664196646956,109.979358,False,0,0,1.0,0,train,train/ngsim_final_I80_trajectories-0400pm-0415pm_runfinal_I80_trajectories-0400pm-0415pm_f2394_l2384_00032.csv
ngsim,final_I80_trajectories-0500pm-0515pm,final_I80_trajectories-0500pm-0515pm,2001,1990,2.0,0.1,ft,598.9,735.1,136.20000000000005,1363,False,11.337465363866471,3.532341799999994,21.847932602626557,49.112422600000016,False,0,0,1.0,0,train,train/ngsim_final_I80_trajectories-0500pm-0515pm_runfinal_I80_trajectories-0500pm-0515pm_f2001_l1990_00033.csv
ngsim,final_I80_trajectories-0515pm-0530pm,final_I80_trajectories-0515pm-0530pm,779,769,3.0,0.1,ft,335.6,407.6,72.0,721,False,13.65343068120943,11.525250800000048,38.173662724826634,78.39023000000016,False,0,0,1.0,0,train,train/ngsim_final_I80_trajectories-0515pm-0530pm_runfinal_I80_trajectories-0515pm-0530pm_f779_l769_00034.csv
ngsim,final_I80_trajectories-0400pm-0415pm,final_I80_trajectories-0400pm-0415pm,13,15,4.0,0.1,ft,13.200000000000001,97.60000000000001,84.4,845,False,17.361325209105328,11.734895799999958,32.77551960137278,56.56988299999985,False,0,0,1.0,0,train,train/ngsim_final_I80_trajectories-0400pm-0415pm_runfinal_I80_trajectories-0400pm-0415pm_f13_l15_00035.csv
ngsim,final_I80_trajectories-0500pm-0515pm,final_I80_trajectories-0500pm-0515pm,711,701,6.0,0.1,ft,116.2,168.8,52.60000000000001,527,False,24.20786912003985,12.358111100000041,57.35507969108159,162.5040942,False,0,0,1.0,0,train,train/ngsim_final_I80_trajectories-0500pm-0515pm_runfinal_I80_trajectories-0500pm-0515pm_f711_l701_00036.csv
ngsim,final_I80_trajectories-0400pm-0415pm,final_I80_trajectories-0400pm-0415pm,1437,1429,2.0,0.1,ft,417.0,471.6,54.60000000000002,547,False,25.305517202266913,37.29703159999995,90.4652547470384,147.56447699999998,False,0,0,1.0,0,train,train/ngsim_final_I80_trajectories-0400pm-0415pm_runfinal_I80_trajectories-0400pm-0415pm_f1437_l1429_00037.csv
ngsim,final_I80_trajectories-0500pm-0515pm,final_I80_trajectories-0500pm-0515pm,1437,1434,2.0,0.1,ft,410.70000000000005,483.70000000000005,73.0,731,False,20.94169952586867,16.18551969999994,29.117388810300955,47.46171009999999,False,0,0,1.0,0,train,train/ngsim_final_I80_trajectories-0500pm-0515pm_runfinal_I80_trajectories-0500pm-0515pm_f1437_l1434_00038.csv
ngsim,final_I80_trajectories-0400pm-0415pm,final_I80_trajectories-0400pm-0415pm,1367,1358,2.0,0.1,ft,388.8,454.1,65.30000000000001,654,False,23.223006653094803,11.35493409999999,34.06573768146788,67.9750542,False,0,0,1.0,0,train,train/ngsim_final_I80_trajectories-0400pm-0415pm_runfinal_I80_trajectories-0400pm-0415pm_f1367_l1358_00039.csv
ngsim,final_I80_trajectories-0500pm-0515pm,final_I80_trajectories-0500pm-0515pm,1367,1358,6.0,0.1,ft,404.70000000000005,457.3,52.599999999999966,527,False,17.639782894455408,7.205309699999907,27.80749178690703,43.30966300000009,False,0,0,1.0,0,train,train/ngsim_final_I80_trajectories-0500pm-0515pm_runfinal_I80_trajectories-0500pm-0515pm_f1367_l1358_00040.csv
ngsim,final_I80_trajectories-0400pm-0415pm,final_I80_trajectories-0400pm-0415pm,1585,1577,2.0,0.1,ft,463.5,519.8000000000001,56.30000000000007,564,False,23.73514341074468,13.444681000000037,31.881158634521277,50.53668870000002,False,0,0,1.0,0,train,train/ngsim_final_I80_trajectories-0400pm-0415pm_runfinal_I80_trajectories-0400pm-0415pm_f1585_l1577_00041.csv
ngsim,final_I80_trajectories-0500pm-0515pm,final_I80_trajectories-0500pm-0515pm,1585,1581,5.0,0.1,ft,483.70000000000005,538.1,54.39999999999998,545,False,22.374287497530275,7.524878400000045,29.101723710642197,52.64361800000002,False,0,0,1.0,0,train,train/ngsim_final_I80_trajectories-0500pm-0515pm_runfinal_I80_trajectories-0500pm-0515pm_f1585_l1581_00042.csv
ngsim,final_I80_trajectories-0400pm-0415pm,final_I80_trajectories-0400pm-0415pm,459,448,2.0,0.1,ft,141.70000000000002,206.4,64.69999999999999,648,False,23.79174958535494,20.773348099999975,37.07277148222222,59.22887900000008,False,0,0,1.0,0,train,train/ngsim_final_I80_trajectories-0400pm-0415pm_runfinal_I80_trajectories-0400pm-0415pm_f459_l448_00043.csv
ngsim,final_I80_trajectories-0500pm-0515pm,final_I80_trajectories-0500pm-0515pm,459,453,5.0,0.1,ft,49.2,114.30000000000001,65.10000000000001,652,False,24.400986308263807,9.825849000000016,32.53906995656441,52.6290714,False,0,0,1.0,0,train,train/ngsim_final_I80_trajectories-0500pm-0515pm_runfinal_I80_trajectories-0500pm-0515pm_f459_l453_00044.csv
ngsim,final_I80_trajectories-0515pm-0530pm,final_I80_trajectories-0515pm-0530pm,459,454,6.0,0.1,ft,203.9,257.90000000000003,54.00000000000003,541,False,12.99233048936599,12.308620099999995,23.919809815175594,39.67818029,False,0,0,1.0,0,train,train/ngsim_final_I80_trajectories-0515pm-0530pm_runfinal_I80_trajectories-0515pm-0530pm_f459_l454_00045.csv
ngsim,final_I80_trajectories-0400pm-0415pm,final_I80_trajectories-0400pm-0415pm,1032,1025,4.0,0.1,ft,293.2,345.5,52.30000000000001,524,False,25.68314999114886,22.02272899999998,68.52133281874046,135.55602209999995,False,0,0,1.0,0,train,train/ngsim_final_I80_trajectories-0400pm-0415pm_runfinal_I80_trajectories-0400pm-0415pm_f1032_l1025_00046.csv
ngsim,final_I80_trajectories-0500pm-0515pm,final_I80_trajectories-0500pm-0515pm,1032,1020,5.0,0.1,ft,261.2,312.1,50.900000000000034,510,False,23.25540023407843,16.31767500000019,47.551595326274516,105.56784359999996,False,0,0,1.0,0,train,train/ngsim_final_I80_trajectories-0500pm-0515pm_runfinal_I80_trajectories-0500pm-0515pm_f1032_l1020_00047.csv
ngsim,final_I80_trajectories-0400pm-0415pm,final_I80_trajectories-0400pm-0415pm,1198,1192,5.0,0.1,ft,340.1,391.0,50.89999999999998,510,False,30.203928361588236,14.341869000000042,31.672768947078428,44.40049919999997,False,0,0,1.0,0,train,train/ngsim_final_I80_trajectories-0400pm-0415pm_runfinal_I80_trajectories-0400pm-0415pm_f1198_l1192_00048.csv
ngsim,final_I80_trajectories-0400pm-0415pm,final_I80_trajectories-0400pm-0415pm,2045,1995,4.0,0.1,ft,591.3000000000001,683.9000000000001,92.60000000000002,927,False,16.64412468069795,7.362626199999976,22.26336970264293,36.941466000000176,False,0,0,1.0,0,train,train/ngsim_final_I80_trajectories-0400pm-0415pm_runfinal_I80_trajectories-0400pm-0415pm_f2045_l1995_00049.csv
ngsim,final_I80_trajectories-0500pm-0515pm,final_I80_trajectories-0500pm-0515pm,2045,2044,2.0,0.1,ft,618.9000000000001,764.7,145.79999999999995,1459,False,10.576662995986293,4.224768999999991,28.39554927662097,163.84538186999998,False,0,0,1.0,0,train,train/ngsim_final_I80_trajectories-0500pm-0515pm_runfinal_I80_trajectories-0500pm-0515pm_f2045_l2044_00050.csv
ngsim,final_I80_trajectories-0515pm-0530pm,final_I80_trajectories-0515pm-0530pm,1215,1208,4.0,0.1,ft,463.5,527.5,64.0,641,False,24.082743040915755,13.425766999999905,32.007723857425894,53.798316999999955,False,0,0,1.0,0,train,train/ngsim_final_I80_trajectories-0515pm-0530pm_runfinal_I80_trajectories-0515pm-0530pm_f1215_l1208_00051.csv
ngsim,final_I80_trajectories-0400pm-0415pm,final_I80_trajectories-0400pm-0415pm,1779,1764,3.0,0.1,ft,518.4,586.4,68.0,681,False,21.369287126227608,11.159049600000014,73.39628455534509,126.45361599999997,False,0,0,1.0,0,train,train/ngsim_final_I80_trajectories-0400pm-0415pm_runfinal_I80_trajectories-0400pm-0415pm_f1779_l1764_00052.csv
ngsim,final_I80_trajectories-0515pm-0530pm,final_I80_trajectories-0515pm-0530pm,262,252,5.0,0.1,ft,152.4,235.0,82.6,827,False,18.330807141050787,14.207169499999917,37.89263057683192,65.05592699999984,False,0,0,1.0,0,train,train/ngsim_final_I80_trajectories-0515pm-0530pm_runfinal_I80_trajectories-0515pm-0530pm_f262_l252_00053.csv
ngsim,final_I80_trajectories-0400pm-0415pm,final_I80_trajectories-0400pm-0415pm,1911,1908,5.0,0.1,ft,607.0,658.1,51.10000000000002,512,False,14.38914126083008,8.340898000000106,27.73528567324219,53.07505849999991,False,0,0,1.0,0,train,train/ngsim_final_I80_trajectories-0400pm-0415pm_runfinal_I80_trajectories-0400pm-0415pm_f1911_l1908_00054.csv
ngsim,final_I80_trajectories-0500pm-0515pm,final_I80_trajectories-0500pm-0515pm,1911,1905,4.0,0.1,ft,586.4,744.2,157.80000000000007,1579,False,8.849748320451551,8.51260199999997,28.94892082773907,78.11548469999998,False,0,0,1.0,0,train,train/ngsim_final_I80_trajectories-0500pm-0515pm_runfinal_I80_trajectories-0500pm-0515pm_f1911_l1905_00055.csv
ngsim,final_I80_trajectories-0515pm-0530pm,final_I80_trajectories-0515pm-0530pm,865,857,3.0,0.1,ft,334.5,429.40000000000003,94.90000000000003,950,False,15.734896720701053,10.398722299999985,42.722746466505264,83.64090199999983,False,0,0,1.0,0,train,train/ngsim_final_I80_trajectories-0515pm-0530pm_runfinal_I80_trajectories-0515pm-0530pm_f865_l857_00056.csv
ngsim,final_I80_trajectories-0400pm-0415pm,final_I80_trajectories-0400pm-0415pm,1819,1815,5.0,0.1,ft,558.6,620.2,61.60000000000002,617,False,20.11144064767099,20.182862000000068,57.555775130794174,107.49575900000009,False,0,0,1.0,0,train,train/ngsim_final_I80_trajectories-0400pm-0415pm_runfinal_I80_trajectories-0400pm-0415pm_f1819_l1815_00057.csv
ngsim,final_I80_trajectories-0515pm-0530pm,final_I80_trajectories-0515pm-0530pm,461,453,4.0,0.1,ft,219.10000000000002,295.3,76.19999999999999,763,False,20.062755482183487,12.839708449999993,50.98441063186108,90.2523669999999,False,0,0,1.0,0,train,train/ngsim_final_I80_trajectories-0515pm-0530pm_runfinal_I80_trajectories-0515pm-0530pm_f461_l453_00058.csv
ngsim,final_I80_trajectories-0515pm-0530pm,final_I80_trajectories-0515pm-0530pm,317,301,3.0,0.1,ft,161.4,227.60000000000002,66.20000000000002,663,False,14.862619871057317,20.17879560000001,37.07993575422322,66.11810600000008,False,0,0,1.0,0,train,train/ngsim_final_I80_trajectories-0515pm-0530pm_runfinal_I80_trajectories-0515pm-0530pm_f317_l301_00059.csv
ngsim,final_I80_trajectories-0400pm-0415pm,final_I80_trajectories-0400pm-0415pm,1314,1309,3.0,0.1,ft,373.90000000000003,434.70000000000005,60.80000000000001,609,False,25.12504264326765,16.090604000000166,34.43138198602627,54.21811409999994,False,0,0,1.0,0,train,train/ngsim_final_I80_trajectories-0400pm-0415pm_runfinal_I80_trajectories-0400pm-0415pm_f1314_l1309_00060.csv
ngsim,final_I80_trajectories-0500pm-0515pm,final_I80_trajectories-0500pm-0515pm,1314,1311,4.0,0.1,ft,342.3,450.1,107.80000000000001,1079,False,14.386259239433736,9.839969999999948,22.037977354207598,64.8627944,False,0,0,1.0,0,train,train/ngsim_final_I80_trajectories-0500pm-0515pm_runfinal_I80_trajectories-0500pm-0515pm_f1314_l1311_00061.csv
ngsim,final_I80_trajectories-0400pm-0415pm,final_I80_trajectories-0400pm-0415pm,1167,1161,3.0,0.1,ft,328.6,381.5,52.89999999999998,530,False,29.206906729962263,16.64826399999988,36.775462920207545,61.43152699999992,False,0,0,1.0,0,train,train/ngsim_final_I80_trajectories-0400pm-0415pm_runfinal_I80_trajectories-0400pm-0415pm_f1167_l1161_00062.csv
ngsim,final_I80_trajectories-0500pm-0515pm,final_I80_trajectories-0500pm-0515pm,1325,1320,6.0,0.1,ft,382.1,437.0,54.89999999999998,550,False,16.770446740981818,14.340674999999987,34.5989166229091,75.91741100000009,False,0,0,1.0,0,train,train/ngsim_final_I80_trajectories-0500pm-0515pm_runfinal_I80_trajectories-0500pm-0515pm_f1325_l1320_00063.csv
ngsim,final_I80_trajectories-0500pm-0515pm,final_I80_trajectories-0500pm-0515pm,1429,1420,5.0,0.1,ft,394.0,475.3,81.30000000000001,814,False,15.314246796585994,18.133552799999915,27.1227862687592,38.014350599999986,False,0,0,1.0,0,train,train/ngsim_final_I80_trajectories-0500pm-0515pm_runfinal_I80_trajectories-0500pm-0515pm_f1429_l1420_00064.csv
ngsim,final_I80_trajectories-0515pm-0530pm,final_I80_trajectories-0515pm-0530pm,1429,1423,6.0,0.1,ft,552.5,614.8000000000001,62.30000000000007,624,False,14.977245505673077,6.135442999999849,25.993811286698712,73.58878599999998,False,0,0,1.0,0,train,train/ngsim_final_I80_trajectories-0515pm-0530pm_runfinal_I80_trajectories-0515pm-0530pm_f1429_l1423_00065.csv
ngsim,final_I80_trajectories-0400pm-0415pm,final_I80_trajectories-0400pm-0415pm,293,282,2.0,0.1,ft,97.7,160.10000000000002,62.40000000000002,625,False,24.501736823711997,30.813708599999995,40.970276075824,51.93273400000005,False,0,0,1.0,0,train,train/ngsim_final_I80_trajectories-0400pm-0415pm_runfinal_I80_trajectories-0400pm-0415pm_f293_l282_00066.csv
ngsim,final_I80_trajectories-0400pm-0415pm,final_I80_trajectories-0400pm-0415pm,2408,2417,4.0,0.1,ft,740.3000000000001,816.8000000000001,76.5,766,False,15.100017141459531,4.6601659999999825,26.862635002088776,118.85981780000006,False,0,0,1.0,0,train,train/ngsim_final_I80_trajectories-0400pm-0415pm_runfinal_I80_trajectories-0400pm-0415pm_f2408_l2417_00067.csv
ngsim,final_I80_trajectories-0400pm-0415pm,final_I80_trajectories-0400pm-0415pm,1158,1150,4.0,0.1,ft,335.0,387.8,52.80000000000001,529,False,24.4974507535482,24.7225939999998,60.97844114820417,105.51971009999995,False,0,0,1.0,0,train,train/ngsim_final_I80_trajectories-0400pm-0415pm_runfinal_I80_trajectories-0400pm-0415pm_f1158_l1150_00068.csv
ngsim,final_I80_trajectories-0500pm-0515pm,final_I80_trajectories-0500pm-0515pm,1158,1156,6.0,0.1,ft,308.70000000000005,360.70000000000005,52.0,521,False,18.50256837956046,1.2910368000000059,25.534237946833013,57.12402099999995,False,0,0,1.0,0,train,train/ngsim_final_I80_trajectories-0500pm-0515pm_runfinal_I80_trajectories-0500pm-0515pm_f1158_l1156_00069.csv
ngsim,final_I80_trajectories-0515pm-0530pm,final_I80_trajectories-0515pm-0530pm,210,194,5.0,0.1,ft,133.9,211.10000000000002,77.20000000000002,773,False,18.750008546886157,19.567665299999998,57.42291754283312,138.19591999999983,False,0,0,1.0,0,train,train/ngsim_final_I80_trajectories-0515pm-0530pm_runfinal_I80_trajectories-0515pm-0530pm_f210_l194_00070.csv
ngsim,final_I80_trajectories-0400pm-0415pm,final_I80_trajectories-0400pm-0415pm,868,857,2.0,0.1,ft,242.8,300.5,57.69999999999999,578,False,26.75730338634256,9.387227199999938,38.01770720243944,55.64336327000001,False,0,0,1.0,0,train,train/ngsim_final_I80_trajectories-0400pm-0415pm_runfinal_I80_trajectories-0400pm-0415pm_f868_l857_00071.csv
ngsim,final_I80_trajectories-0515pm-0530pm,final_I80_trajectories-0515pm-0530pm,868,856,2.0,0.1,ft,333.0,428.1,95.10000000000002,952,False,14.253876207792018,16.444114699999954,39.79775868319329,82.62029600000001,False,0,0,1.0,0,train,train/ngsim_final_I80_trajectories-0515pm-0530pm_runfinal_I80_trajectories-0515pm-0530pm_f868_l856_00072.csv
ngsim,final_I80_trajectories-0500pm-0515pm,final_I80_trajectories-0500pm-0515pm,1423,1414,4.0,0.1,ft,387.3,446.8,59.5,596,False,14.158341711986578,15.34675430000002,36.83539082231544,67.38326650000002,False,0,0,1.0,0,train,train/ngsim_final_I80_trajectories-0500pm-0515pm_runfinal_I80_trajectories-0500pm-0515pm_f1423_l1414_00073.csv
ngsim,final_I80_trajectories-0500pm-0515pm,final_I80_trajectories-0500pm-0515pm,1839,1830,2.0,0.1,ft,585.1,636.6,51.5,516,False,20.118728186565892,10.974008999999977,30.164761775,68.3425690000001,False,0,0,1.0,0,train,train/ngsim_final_I80_trajectories-0500pm-0515pm_runfinal_I80_trajectories-0500pm-0515pm_f1839_l1830_00074.csv
ngsim,final_I80_trajectories-0400pm-0415pm,final_I80_trajectories-0400pm-0415pm,889,876,3.0,0.1,ft,251.5,308.6,57.10000000000002,572,False,26.204615907517482,50.77642319999991,72.88376379445805,136.28443762999999,False,0,0,1.0,0,train,train/ngsim_final_I80_trajectories-0400pm-0415pm_runfinal_I80_trajectories-0400pm-0415pm_f889_l876_00075.csv
ngsim,final_I80_trajectories-0515pm-0530pm,final_I80_trajectories-0515pm-0530pm,889,880,3.0,0.1,ft,346.1,437.40000000000003,91.30000000000001,914,False,15.20231113941685,16.47631359999998,50.40626384463896,81.17760799999992,False,0,0,1.0,0,train,train/ngsim_final_I80_trajectories-0515pm-0530pm_runfinal_I80_trajectories-0515pm-0530pm_f889_l880_00076.csv
ngsim,final_I80_trajectories-0515pm-0530pm,final_I80_trajectories-0515pm-0530pm,493,484,3.0,0.1,ft,256.40000000000003,311.90000000000003,55.5,556,False,19.851105608109712,17.259929999999983,45.95161918219425,93.21199550000004,False,0,0,1.0,0,train,train/ngsim_final_I80_trajectories-0515pm-0530pm_runfinal_I80_trajectories-0515pm-0530pm_f493_l484_00077.csv
ngsim,final_I80_trajectories-0515pm-0530pm,final_I80_trajectories-0515pm-0530pm,1551,1546,4.0,0.1,ft,589.5,710.5,121.0,1211,False,6.693987088977704,7.090100000000074,17.97101356928158,65.32953270000003,False,0,0,1.0,0,train,train/ngsim_final_I80_trajectories-0515pm-0530pm_runfinal_I80_trajectories-0515pm-0530pm_f1551_l1546_00078.csv
ngsim,final_I80_trajectories-0400pm-0415pm,final_I80_trajectories-0400pm-0415pm,2132,2128,2.0,0.1,ft,638.9000000000001,708.2,69.29999999999995,694,False,22.02287591211239,6.854154400000004,33.49141238402017,65.69636539999996,False,0,0,1.0,0,train,train/ngsim_final_I80_trajectories-0400pm-0415pm_runfinal_I80_trajectories-0400pm-0415pm_f2132_l2128_00079.csv
ngsim,final_I80_trajectories-0500pm-0515pm,final_I80_trajectories-0500pm-0515pm,1574,1566,6.0,0.1,ft,434.1,493.90000000000003,59.80000000000001,599,False,9.886742197629381,11.504411200000026,18.75458688450751,48.416561980000004,False,0,0,1.0,0,train,train/ngsim_final_I80_trajectories-0500pm-0515pm_runfinal_I80_trajectories-0500pm-0515pm_f1574_l1566_00080.csv
ngsim,final_I80_trajectories-0515pm-0530pm,final_I80_trajectories-0515pm-0530pm,1574,1565,5.0,0.1,ft,587.0,740.6,153.60000000000002,1537,False,7.089326766697463,4.76085999999982,15.705712157970067,34.251874,False,0,0,1.0,0,train,train/ngsim_final_I80_trajectories-0515pm-0530pm_runfinal_I80_trajectories-0515pm-0530pm_f1574_l1565_00081.csv
ngsim,final_I80_trajectories-0500pm-0515pm,final_I80_trajectories-0500pm-0515pm,1480,1466,3.0,0.1,ft,436.5,504.8,68.30000000000001,684,False,16.39711073051462,31.49307610000003,56.802502221052634,101.94693500000002,False,0,0,1.0,0,train,train/ngsim_final_I80_trajectories-0500pm-0515pm_runfinal_I80_trajectories-0500pm-0515pm_f1480_l1466_00082.csv
ngsim,final_I80_trajectories-0400pm-0415pm,final_I80_trajectories-0400pm-0415pm,829,818,6.0,0.1,ft,224.9,287.1,62.20000000000002,623,False,24.287385996804172,11.88948899999998,39.82087601093098,83.98321128,False,0,0,1.0,0,train,train/ngsim_final_I80_trajectories-0400pm-0415pm_runfinal_I80_trajectories-0400pm-0415pm_f829_l818_00083.csv
ngsim,final_I80_trajectories-0500pm-0515pm,final_I80_trajectories-0500pm-0515pm,829,822,2.0,0.1,ft,157.60000000000002,227.5,69.89999999999998,700,False,21.17840466775143,16.216385799999966,50.78059718274286,82.69099999999999,False,0,0,1.0,0,train,train/ngsim_final_I80_trajectories-0500pm-0515pm_runfinal_I80_trajectories-0500pm-0515pm_f829_l822_00084.csv
ngsim,final_I80_trajectories-0515pm-0530pm,final_I80_trajectories-0515pm-0530pm,309,302,5.0,0.1,ft,173.10000000000002,227.4,54.29999999999998,544,False,18.416047695716912,23.2826634,51.90358547915441,81.92505902,False,0,0,1.0,0,train,train/ngsim_final_I80_trajectories-0515pm-0530pm_runfinal_I80_trajectories-0515pm-0530pm_f309_l302_00085.csv
ngsim,final_I80_trajectories-0500pm-0515pm,final_I80_trajectories-0500pm-0515pm,610,604,6.0,0.1,ft,72.0,136.4,64.4,645,False,24.523393161441863,6.38197049999992,25.40075118265116,72.24585276,False,0,0,1.0,0,train,train/ngsim_final_I80_trajectories-0500pm-0515pm_runfinal_I80_trajectories-0500pm-0515pm_f610_l604_00086.csv
ngsim,final_I80_trajectories-0515pm-0530pm,final_I80_trajectories-0515pm-0530pm,610,604,6.0,0.1,ft,299.8,353.20000000000005,53.400000000000034,535,False,16.957129034078505,12.014566999999897,39.13048954841121,77.38107899999996,False,0,0,1.0,0,train,train/ngsim_final_I80_trajectories-0515pm-0530pm_runfinal_I80_trajectories-0515pm-0530pm_f610_l604_00087.csv
ngsim,final_I80_trajectories-0400pm-0415pm,final_I80_trajectories-0400pm-0415pm,2013,1965,4.0,0.1,ft,586.4,677.3000000000001,90.90000000000009,910,False,16.45787138147253,13.508890999999926,39.010970109208806,71.173169,False,0,0,1.0,0,train,train/ngsim_final_I80_trajectories-0400pm-0415pm_runfinal_I80_trajectories-0400pm-0415pm_f2013_l1965_00088.csv
ngsim,final_I80_trajectories-0400pm-0415pm,final_I80_trajectories-0400pm-0415pm,469,459,2.0,0.1,ft,144.20000000000002,207.9,63.69999999999999,638,False,24.061451761708465,17.205996599999946,29.153529362084637,43.349623999999906,False,0,0,1.0,0,train,train/ngsim_final_I80_trajectories-0400pm-0415pm_runfinal_I80_trajectories-0400pm-0415pm_f469_l459_00089.csv
ngsim,final_I80_trajectories-0500pm-0515pm,final_I80_trajectories-0500pm-0515pm,846,835,2.0,0.1,ft,162.5,231.8,69.30000000000001,694,False,20.572718079583574,6.212569699999994,62.83957382097982,152.5501849999999,False,0,0,1.0,0,train,train/ngsim_final_I80_trajectories-0500pm-0515pm_runfinal_I80_trajectories-0500pm-0515pm_f846_l835_00090.csv
ngsim,final_I80_trajectories-0500pm-0515pm,final_I80_trajectories-0500pm-0515pm,1380,1376,6.0,0.1,ft,412.90000000000003,463.3,50.39999999999998,505,False,18.28669379134653,11.999975899999935,21.8720709310891,37.64314000000009,False,0,0,1.0,0,train,train/ngsim_final_I80_trajectories-0500pm-0515pm_runfinal_I80_trajectories-0500pm-0515pm_f1380_l1376_00091.csv
ngsim,final_I80_trajectories-0515pm-0530pm,final_I80_trajectories-0515pm-0530pm,1380,1366,3.0,0.1,ft,502.8,584.6,81.80000000000001,819,False,18.3959362529243,25.487795789999996,62.10888114161172,117.84651169999997,False,0,0,1.0,0,train,train/ngsim_final_I80_trajectories-0515pm-0530pm_runfinal_I80_trajectories-0515pm-0530pm_f1380_l1366_00092.csv
ngsim,final_I80_trajectories-0515pm-0530pm,final_I80_trajectories-0515pm-0530pm,198,180,4.0,0.1,ft,122.5,187.0,64.5,646,False,13.37858432443808,32.13050799999998,48.65143771563468,88.89738479999998,False,0,0,1.0,0,train,train/ngsim_final_I80_trajectories-0515pm-0530pm_runfinal_I80_trajectories-0515pm-0530pm_f198_l180_00093.csv
ngsim,final_I80_trajectories-0400pm-0415pm,final_I80_trajectories-0400pm-0415pm,1954,1914,4.0,0.1,ft,597.6,664.2,66.60000000000002,667,False,15.344250368254873,15.523941000000013,45.81731150524738,81.06971900000016,False,0,0,1.0,0,train,train/ngsim_final_I80_trajectories-0400pm-0415pm_runfinal_I80_trajectories-0400pm-0415pm_f1954_l1914_00094.csv
ngsim,final_I80_trajectories-0500pm-0515pm,final_I80_trajectories-0500pm-0515pm,1061,1056,4.0,0.1,ft,254.4,343.90000000000003,89.50000000000003,896,False,17.082594080577007,7.411710999999922,30.784027826562497,59.35180880000003,False,0,0,1.0,0,train,train/ngsim_final_I80_trajectories-0500pm-0515pm_runfinal_I80_trajectories-0500pm-0515pm_f1061_l1056_00095.csv
ngsim,final_I80_trajectories-0515pm-0530pm,final_I80_trajectories-0515pm-0530pm,1061,1042,2.0,0.1,ft,387.6,463.70000000000005,76.10000000000002,762,False,14.550950409030184,11.732454199999989,45.89606920192914,91.94993199999995,False,0,0,1.0,0,train,train/ngsim_final_I80_trajectories-0515pm-0530pm_runfinal_I80_trajectories-0515pm-0530pm_f1061_l1042_00096.csv
ngsim,final_I80_trajectories-0400pm-0415pm,final_I80_trajectories-0400pm-0415pm,2411,2405,2.0,0.1,ft,718.8000000000001,793.8000000000001,75.0,751,False,20.250112277459387,17.87135600000006,52.33430720736351,156.52211705999997,False,0,0,1.0,0,train,train/ngsim_final_I80_trajectories-0400pm-0415pm_runfinal_I80_trajectories-0400pm-0415pm_f2411_l2405_00097.csv
ngsim,final_I80_trajectories-0500pm-0515pm,final_I80_trajectories-0500pm-0515pm,1278,1267,2.0,0.1,ft,330.6,424.70000000000005,94.10000000000002,942,False,16.21747793816985,7.8968979999999185,26.260316872261146,54.611859999999936,False,0,0,1.0,0,train,train/ngsim_final_I80_trajectories-0500pm-0515pm_runfinal_I80_trajectories-0500pm-0515pm_f1278_l1267_00098.csv
ngsim,final_I80_trajectories-0515pm-0530pm,final_I80_trajectories-0515pm-0530pm,1278,1273,2.0,0.1,ft,488.1,543.3000000000001,55.200000000000045,553,False,23.81143543715732,4.296831000000065,25.800283510307413,41.776657999999955,False,0,0,1.0,0,train,train/ngsim_final_I80_trajectories-0515pm-0530pm_runfinal_I80_trajectories-0515pm-0530pm_f1278_l1273_00099.csv
ngsim,final_I80_trajectories-0515pm-0530pm,final_I80_trajectories-0515pm-0530pm,443,415,2.0,0.1,ft,219.70000000000002,278.6,58.900000000000006,590,False,24.86628197074576,65.96164630000006,83.67823838879661,100.82177599999984,False,0,0,1.0,0,train,train/ngsim_final_I80_trajectories-0515pm-0530pm_runfinal_I80_trajectories-0515pm-0530pm_f443_l415_00100.csv
ngsim,final_I80_trajectories-0500pm-0515pm,final_I80_trajectories-0500pm-0515pm,1097,1092,4.0,0.1,ft,268.2,362.40000000000003,94.20000000000005,943,False,16.221240656114524,10.014123000000108,26.76110402127253,41.92929819999996,False,0,0,1.0,0,test,test/ngsim_final_I80_trajectories-0500pm-0515pm_runfinal_I80_trajectories-0500pm-0515pm_f1097_l1092_00001.csv
ngsim,final_I80_trajectories-0515pm-0530pm,final_I80_trajectories-0515pm-0530pm,1097,1089,2.0,0.1,ft,398.1,496.5,98.39999999999998,985,False,15.646264500643655,6.661822769999997,33.47358522155331,70.58854130000005,False,0,0,1.0,0,test,test/ngsim_final_I80_trajectories-0515pm-0530pm_runfinal_I80_trajectories-0515pm-0530pm_f1097_l1089_00002.csv
ngsim,final_I80_trajectories-0400pm-0415pm,final_I80_trajectories-0400pm-0415pm,2853,2842,3.0,0.1,ft,773.7,849.6,75.89999999999998,760,False,19.616278764921052,18.273437999999896,39.326724916802625,66.48351999999996,False,0,0,1.0,0,test,test/ngsim_final_I80_trajectories-0400pm-0415pm_runfinal_I80_trajectories-0400pm-0415pm_f2853_l2842_00003.csv
ngsim,final_I80_trajectories-0400pm-0415pm,final_I80_trajectories-0400pm-0415pm,1542,1544,2.0,0.1,ft,459.20000000000005,517.3000000000001,58.10000000000002,582,False,23.666421431649482,22.06015030000001,38.536610794845366,58.90768999999987,False,0,0,1.0,0,test,test/ngsim_final_I80_trajectories-0400pm-0415pm_runfinal_I80_trajectories-0400pm-0415pm_f1542_l1544_00004.csv
ngsim,final_I80_trajectories-0500pm-0515pm,final_I80_trajectories-0500pm-0515pm,1542,1536,3.0,0.1,ft,446.40000000000003,536.8000000000001,90.40000000000003,905,False,15.368765240752486,5.6780610000000244,24.394916472596684,68.01312900000012,False,0,0,1.0,0,test,test/ngsim_final_I80_trajectories-0500pm-0515pm_runfinal_I80_trajectories-0500pm-0515pm_f1542_l1536_00005.csv
ngsim,final_I80_trajectories-0400pm-0415pm,final_I80_trajectories-0400pm-0415pm,2824,2814,2.0,0.1,ft,766.4000000000001,839.0,72.59999999999991,727,False,20.35825226010179,19.28399870000005,41.61490790075652,82.35323799999988,False,0,0,1.0,0,test,test/ngsim_final_I80_trajectories-0400pm-0415pm_runfinal_I80_trajectories-0400pm-0415pm_f2824_l2814_00006.csv
ngsim,final_I80_trajectories-0400pm-0415pm,final_I80_trajectories-0400pm-0415pm,280,269,4.0,0.1,ft,106.5,162.9,56.400000000000006,565,False,27.548861714247785,14.350568999999904,31.365707708460167,45.6101647,False,0,0,1.0,0,test,test/ngsim_final_I80_trajectories-0400pm-0415pm_runfinal_I80_trajectories-0400pm-0415pm_f280_l269_00007.csv
ngsim,final_I80_trajectories-0515pm-0530pm,final_I80_trajectories-0515pm-0530pm,280,276,2.0,0.1,ft,146.20000000000002,235.3,89.1,892,False,17.322811242639016,2.008077299999986,24.77986336271301,47.60290100000002,False,0,0,1.0,0,test,test/ngsim_final_I80_trajectories-0515pm-0530pm_runfinal_I80_trajectories-0515pm-0530pm_f280_l276_00008.csv
ngsim,final_I80_trajectories-0515pm-0530pm,final_I80_trajectories-0515pm-0530pm,874,868,2.0,0.1,ft,333.0,430.90000000000003,97.90000000000003,980,False,14.423598107891838,2.948274299999934,18.29345723469387,36.23934000000004,False,0,0,1.0,0,test,test/ngsim_final_I80_trajectories-0515pm-0530pm_runfinal_I80_trajectories-0515pm-0530pm_f874_l868_00009.csv
ngsim,final_I80_trajectories-0500pm-0515pm,final_I80_trajectories-0500pm-0515pm,1755,1733,3.0,0.1,ft,543.2,623.9000000000001,80.70000000000005,808,False,19.019419177435644,24.136991000000034,56.019444216262386,112.44471260000007,False,0,0,1.0,0,test,test/ngsim_final_I80_trajectories-0500pm-0515pm_runfinal_I80_trajectories-0500pm-0515pm_f1755_l1733_00010.csv
ngsim,final_I80_trajectories-0400pm-0415pm,final_I80_trajectories-0400pm-0415pm,695,694,2.0,0.1,ft,204.20000000000002,265.3,61.099999999999994,612,False,24.92683673014706,17.6057899,35.22296207746732,67.83968100000011,False,0,0,1.0,0,test,test/ngsim_final_I80_trajectories-0400pm-0415pm_runfinal_I80_trajectories-0400pm-0415pm_f695_l694_00011.csv
ngsim,final_I80_trajectories-0515pm-0530pm,final_I80_trajectories-0515pm-0530pm,403,391,6.0,0.1,ft,175.60000000000002,234.70000000000002,59.099999999999994,592,False,9.918703032670608,10.296944500000063,20.296343842162162,38.55965149999999,False,0,0,1.0,0,test,test/ngsim_final_I80_trajectories-0515pm-0530pm_runfinal_I80_trajectories-0515pm-0530pm_f403_l391_00012.csv
ngsim,final_I80_trajectories-0515pm-0530pm,final_I80_trajectories-0515pm-0530pm,1402,1394,5.0,0.1,ft,560.6,640.3000000000001,79.70000000000005,798,False,7.16762942707644,5.494094000000086,18.887999562656642,92.6238190000001,False,0,0,1.0,0,test,test/ngsim_final_I80_trajectories-0515pm-0530pm_runfinal_I80_trajectories-0515pm-0530pm_f1402_l1394_00013.csv
ngsim,final_I80_trajectories-0400pm-0415pm,final_I80_trajectories-0400pm-0415pm,2358,2352,2.0,0.1,ft,714.1,767.3000000000001,53.200000000000045,533,False,22.381569763902437,19.31526600000002,29.30824118030018,56.816056000000074,False,0,0,1.0,0,test,test/ngsim_final_I80_trajectories-0400pm-0415pm_runfinal_I80_trajectories-0400pm-0415pm_f2358_l2352_00014.csv
ngsim,final_I80_trajectories-0515pm-0530pm,final_I80_trajectories-0515pm-0530pm,696,685,4.0,0.1,ft,289.0,368.90000000000003,79.90000000000003,800,False,14.242081208467503,7.421003999999993,37.1893540552625,61.43091980000004,False,0,0,1.0,0,test,test/ngsim_final_I80_trajectories-0515pm-0530pm_runfinal_I80_trajectories-0515pm-0530pm_f696_l685_00015.csv
ngsim,final_I80_trajectories-0515pm-0530pm,final_I80_trajectories-0515pm-0530pm,1242,1229,2.0,0.1,ft,469.8,533.0,63.19999999999999,633,False,23.972685813301737,32.71306909999996,56.991812805276474,83.88033000000004,False,0,0,1.0,0,test,test/ngsim_final_I80_trajectories-0515pm-0530pm_runfinal_I80_trajectories-0515pm-0530pm_f1242_l1229_00016.csv
ngsim,final_I80_trajectories-0500pm-0515pm,final_I80_trajectories-0500pm-0515pm,1488,1484,5.0,0.1,ft,421.40000000000003,507.20000000000005,85.80000000000001,859,False,17.905642558449358,10.016582999999946,19.18092185284051,33.220830999999954,False,0,0,1.0,0,test,test/ngsim_final_I80_trajectories-0500pm-0515pm_runfinal_I80_trajectories-0500pm-0515pm_f1488_l1484_00017.csv
ngsim,final_I80_trajectories-0515pm-0530pm,final_I80_trajectories-0515pm-0530pm,1488,1483,6.0,0.1,ft,569.0,631.8000000000001,62.80000000000007,629,False,14.221276801966612,11.103146000000105,28.682559498887123,66.961483,False,0,0,1.0,0,test,test/ngsim_final_I80_trajectories-0515pm-0530pm_runfinal_I80_trajectories-0515pm-0530pm_f1488_l1483_00018.csv
ngsim,final_I80_trajectories-0515pm-0530pm,final_I80_trajectories-0515pm-0530pm,58,48,5.0,0.1,ft,72.2,141.6,69.39999999999999,695,False,10.900138415623022,7.1816528000000055,19.044017669280574,49.04997500000009,False,0,0,1.0,0,test,test/ngsim_final_I80_trajectories-0515pm-0530pm_runfinal_I80_trajectories-0515pm-0530pm_f58_l48_00019.csv
ngsim,final_I80_trajectories-0500pm-0515pm,final_I80_trajectories-0500pm-0515pm,1610,1604,3.0,0.1,ft,475.20000000000005,565.5,90.29999999999995,904,False,16.900892124296462,14.652370099999995,29.092362666980083,50.321895,False,0,0,1.0,0,test,test/ngsim_final_I80_trajectories-0500pm-0515pm_runfinal_I80_trajectories-0500pm-0515pm_f1610_l1604_00020.csv
